This is LuaHBTeX, Version 1.24.0 (TeX Live 2026)  (format=lualatex 2026.3.22)  7 JUN 2026 18:06
 restricted system commands enabled.
 file:line:error style messages enabled.
**/Users/camilo/Downloads/sala115/docs/_build/latex/aula115.tex
(/Users/camilo/Downloads/sala115/docs/_build/latex/aula115.tex
LaTeX2e <2025-11-01>
L3 programming layer <2026-01-19>
Lua module: luaotfload 2024-12-03 v3.29 Lua based OpenType font support
Lua module: lualibs 2023-07-13 v2.76 ConTeXt Lua standard libraries.
Lua module: lualibs-extended 2023-07-13 v2.76 ConTeXt Lua libraries -- extended collection.
luaotfload | conf : Root cache directory is "/Users/camilo/Library/texlive/2026/texmf-var/luatex-cache/generic/names".
luaotfload | init : Loading fontloader "fontloader-2023-12-28.lua" from kpse-resolved path "/usr/local/texlive/2026/texmf-dist/tex/luatex/luaotfload/fontloader-2023-12-28.lua".
Lua-only attribute luaotfload@noligature = 1
luaotfload | init : Context OpenType loader version 3.134
Inserting `luaotfload.node_processor' in `pre_linebreak_filter'.
Inserting `luaotfload.node_processor' in `hpack_filter'.
Inserting `luaotfload.glyph_stream' in `glyph_stream_provider'.
Inserting `luaotfload.define_font' in `define_font'.
Lua-only attribute luaotfload_color_attribute = 2
luaotfload | conf : Root cache directory is "/Users/camilo/Library/texlive/2026/texmf-var/luatex-cache/generic/names".
Inserting `luaotfload.harf.strip_prefix' in `find_opentype_file'.
Inserting `luaotfload.harf.strip_prefix' in `find_truetype_file'.
Removing  `luaotfload.glyph_stream' from `glyph_stream_provider'.
Inserting `luaotfload.harf.glyphstream' in `glyph_stream_provider'.
Inserting `luaotfload.harf.finalize_vlist' in `post_linebreak_filter'.
Inserting `luaotfload.harf.finalize_hlist' in `hpack_filter'.
Inserting `luaotfload.cleanup_files' in `wrapup_run'.
Inserting `luaotfload.harf.finalize_unicode' in `finish_pdffile'.
Inserting `luaotfload.glyphinfo' in `glyph_info'.
Lua-only attribute luaotfload.letterspace_done = 3
Inserting `luaotfload.aux.set_sscale_dimens' in `luaotfload.patch_font'.
Inserting `luaotfload.aux.set_font_index' in `luaotfload.patch_font'.
Inserting `luaotfload.aux.patch_cambria_domh' in `luaotfload.patch_font'.
Inserting `luaotfload.aux.fixup_fontdata' in `luaotfload.patch_font_unsafe'.
Inserting `luaotfload.aux.set_capheight' in `luaotfload.patch_font'.
Inserting `luaotfload.aux.set_xheight' in `luaotfload.patch_font'.
Inserting `luaotfload.rewrite_fontname' in `luaotfload.patch_font'.
Inserting `tracingstacklevels' in `input_level_string'. (/usr/local/texlive/2026/texmf-dist/tex/generic/luatex85/luatex85.sty
Package: luatex85 2016/06/15 v1.4 pdftex aliases for luatex
) (./sphinxmanual.cls
Document Class: sphinxmanual 2019/12/01 v2.3.0 Document class (Sphinx manual)
(/usr/local/texlive/2026/texmf-dist/tex/latex/base/report.cls
Document Class: report 2025/01/22 v1.4n Standard LaTeX document class
(/usr/local/texlive/2026/texmf-dist/tex/latex/base/size10.clo
File: size10.clo 2025/01/22 v1.4n Standard LaTeX file (size option)
luaotfload | db : Font names database loaded from /Users/camilo/Library/texlive/2026/texmf-var/luatex-cache/generic/names/luaotfload-names.luc.gz)
\c@part=\count273
\c@chapter=\count274
\c@section=\count275
\c@subsection=\count276
\c@subsubsection=\count277
\c@paragraph=\count278
\c@subparagraph=\count279
\c@figure=\count280
\c@table=\count281
\abovecaptionskip=\skip49
\belowcaptionskip=\skip50
\bibindent=\dimen147
)
LaTeX Info: Redefining \and on input line 35.
) (/usr/local/texlive/2026/texmf-dist/tex/latex/cmap/cmap.sty
Package: cmap 2021/02/06 v1.0j CMap support: searchable PDF
) (/usr/local/texlive/2026/texmf-dist/tex/latex/fontspec/fontspec.sty (/usr/local/texlive/2026/texmf-dist/tex/latex/l3packages/xparse/xparse.sty (/usr/local/texlive/2026/texmf-dist/tex/latex/l3kernel/expl3.sty
Package: expl3 2026-01-19 L3 programming layer (loader) 
 (/usr/local/texlive/2026/texmf-dist/tex/latex/l3backend/l3backend-luatex.def
File: l3backend-luatex.def 2025-10-09 L3 backend support: PDF output (LuaTeX)
\l__color_backend_stack_int=\count282
Inserting `l3color' in `luaotfload.parse_color'.))
Package: xparse 2025-10-09 L3 Experimental document command parser
)
Package: fontspec 2025/09/29 v2.9g Font selection for XeLaTeX and LuaLaTeX
Lua module: fontspec 2025/09/29 v2.9g Font selection for XeLaTeX and LuaLaTeX (/usr/local/texlive/2026/texmf-dist/tex/latex/fontspec/fontspec-luatex.sty
Package: fontspec-luatex 2025/09/29 v2.9g Font selection for XeLaTeX and LuaLaTeX
\l__fontspec_script_int=\count283
\l__fontspec_language_int=\count284
\l__fontspec_strnum_int=\count285
\l__fontspec_tmp_int=\count286
\l__fontspec_tmpa_int=\count287
\l__fontspec_tmpb_int=\count288
\l__fontspec_tmpc_int=\count289
\l__fontspec_em_int=\count290
\l__fontspec_emdef_int=\count291
\l__fontspec_strong_int=\count292
\l__fontspec_strongdef_int=\count293
\l__fontspec_tmpa_dim=\dimen148
\l__fontspec_tmpb_dim=\dimen149
\l__fontspec_tmpc_dim=\dimen150
 (/usr/local/texlive/2026/texmf-dist/tex/latex/base/fontenc.sty
Package: fontenc 2025/07/18 v2.1d Standard LaTeX package
) (/usr/local/texlive/2026/texmf-dist/tex/latex/fontspec/fontspec.cfg))) (/usr/local/texlive/2026/texmf-dist/tex/latex/amsmath/amsmath.sty
Package: amsmath 2025/07/09 v2.17z AMS math features
\@mathmargin=\skip51

For additional information on amsmath, use the `?' option.
(/usr/local/texlive/2026/texmf-dist/tex/latex/amsmath/amstext.sty
Package: amstext 2024/11/17 v2.01 AMS text
 (/usr/local/texlive/2026/texmf-dist/tex/latex/amsmath/amsgen.sty
File: amsgen.sty 1999/11/30 v2.0 generic functions
\@emptytoks=\toks17
\ex@=\dimen151
)) (/usr/local/texlive/2026/texmf-dist/tex/latex/amsmath/amsbsy.sty
Package: amsbsy 1999/11/29 v1.2d Bold Symbols
\pmbraise@=\dimen152
) (/usr/local/texlive/2026/texmf-dist/tex/latex/amsmath/amsopn.sty
Package: amsopn 2022/04/08 v2.04 operator names
)
\inf@bad=\count294
LaTeX Info: Redefining \frac on input line 235.
\uproot@=\count295
\leftroot@=\count296
LaTeX Info: Redefining \overline on input line 398.
LaTeX Info: Redefining \colon on input line 409.
\classnum@=\count297
\DOTSCASE@=\count298
LaTeX Info: Redefining \ldots on input line 495.
LaTeX Info: Redefining \dots on input line 498.
LaTeX Info: Redefining \cdots on input line 619.
\Mathstrutbox@=\box53
\strutbox@=\box54
LaTeX Info: Redefining \big on input line 721.
LaTeX Info: Redefining \Big on input line 722.
LaTeX Info: Redefining \bigg on input line 723.
LaTeX Info: Redefining \Bigg on input line 724.
\big@size=\dimen153
LaTeX Font Info:    Redeclaring font encoding OML on input line 742.
LaTeX Font Info:    Redeclaring font encoding OMS on input line 743.
\macc@depth=\count299
LaTeX Info: Redefining \bmod on input line 904.
LaTeX Info: Redefining \pmod on input line 909.
LaTeX Info: Redefining \smash on input line 939.
LaTeX Info: Redefining \relbar on input line 969.
LaTeX Info: Redefining \Relbar on input line 970.
\c@MaxMatrixCols=\count300
\dotsspace@=\muskip17
\c@parentequation=\count301
\dspbrk@lvl=\count302
\tag@help=\toks18
\row@=\count303
\column@=\count304
\maxfields@=\count305
\andhelp@=\toks19
\eqnshift@=\dimen154
\alignsep@=\dimen155
\tagshift@=\dimen156
\tagwidth@=\dimen157
\totwidth@=\dimen158
\lineht@=\dimen159
\@envbody=\toks20
\multlinegap=\skip52
\multlinetaggap=\skip53
\mathdisplay@stack=\toks21
LaTeX Info: Redefining \[ on input line 2950.
LaTeX Info: Redefining \] on input line 2951.
) (/usr/local/texlive/2026/texmf-dist/tex/latex/amsfonts/amssymb.sty
Package: amssymb 2013/01/14 v3.01 AMS font symbols
 (/usr/local/texlive/2026/texmf-dist/tex/latex/amsfonts/amsfonts.sty
Package: amsfonts 2013/01/14 v3.01 Basic AMSFonts support
\symAMSa=\mathgroup4
\symAMSb=\mathgroup5
LaTeX Font Info:    Redeclaring math symbol \hbar on input line 98.
LaTeX Font Info:    Overwriting math alphabet `\mathfrak' in version `bold'
(Font)                  U/euf/m/n --> U/euf/b/n on input line 106.
)) (/usr/local/texlive/2026/texmf-dist/tex/latex/polyglossia/polyglossia.sty
Package: polyglossia 2025/12/01 v2.9 Modern multilingual typesetting with XeLaTeX and LuaLaTeX
 (/usr/local/texlive/2026/texmf-dist/tex/latex/etoolbox/etoolbox.sty
Package: etoolbox 2025/10/02 v2.5m e-TeX tools for LaTeX (JAW)
\etb@tempcnta=\count306
) (/usr/local/texlive/2026/texmf-dist/tex/generic/iftex/iftex.sty
Package: iftex 2024/12/12 v1.0g TeX engine tests
)
Lua module: polyglossia 2013/05/11 v1.3 Polyglossia
\l_xpg_alias_keyvals_int=\count307
 (/usr/local/texlive/2026/texmf-dist/tex/latex/polyglossia/gloss-latex.ldf
File: gloss-latex.ldf polyglossia: module for default language
)

Package polyglossia Info: Setting LuaTeX font renderer to Harfbuzz

) (/usr/local/texlive/2026/texmf-dist/tex/latex/polyglossia/gloss-spanish.ldf
File: gloss-spanish.ldf polyglossia: module for Spanish
Module polyglossia Info: Language data for spanish
(polyglossia)            hyphenation	
(polyglossia)            lefthyphenmin	2
(polyglossia)            loader	loadhyph-es.tex
(polyglossia)            patterns	hyph-es.pat.txt
(polyglossia)            righthyphenmin	2
(polyglossia)            synonyms	espanol on input line 17
Module polyglossia Info: Language spanish was not yet loaded; created with id 2 on input line 17
)

Package polyglossia Info: Default language is spanish


Package fontspec Info: 
(fontspec)             Font family 'FreeSerif(0)' created for font 'FreeSerif'
(fontspec)             with options [Renderer=Harfbuzz,Extension =
(fontspec)             .otf,UprightFont = *,ItalicFont = *Italic,BoldFont =
(fontspec)             *Bold,BoldItalicFont = *BoldItalic].
(fontspec)              
(fontspec)              This font family consists of the following NFSS
(fontspec)             series/shapes:
(fontspec)              
(fontspec)             - 'normal' (m/n) with NFSS spec.:
(fontspec)             <->"[FreeSerif.otf]:mode=harf;script=latn;language=dflt;"
(fontspec)             - 'small caps'  (m/sc) with NFSS spec.:
(fontspec)             <->"[FreeSerif.otf]:mode=harf;script=latn;language=dflt;+smcp;"
(fontspec)             - 'bold' (b/n) with NFSS spec.:
(fontspec)             <->"[FreeSerifBold.otf]:mode=harf;script=latn;language=dflt;"
(fontspec)             - 'bold small caps'  (b/sc) with NFSS spec.:
(fontspec)             <->"[FreeSerifBold.otf]:mode=harf;script=latn;language=dflt;+smcp;"
(fontspec)             - 'italic' (m/it) with NFSS spec.:
(fontspec)             <->"[FreeSerifItalic.otf]:mode=harf;script=latn;language=dflt;"
(fontspec)             - 'bold italic' (b/it) with NFSS spec.:
(fontspec)             <->"[FreeSerifBoldItalic.otf]:mode=harf;script=latn;language=dflt;"


Package fontspec Info: 
(fontspec)             Font family 'FreeSans(0)' created for font 'FreeSans'
(fontspec)             with options [Renderer=Harfbuzz,Extension =
(fontspec)             .otf,UprightFont = *,ItalicFont = *Oblique,BoldFont =
(fontspec)             *Bold,BoldItalicFont = *BoldOblique].
(fontspec)              
(fontspec)              This font family consists of the following NFSS
(fontspec)             series/shapes:
(fontspec)              
(fontspec)             - 'normal' (m/n) with NFSS spec.:
(fontspec)             <->"[FreeSans.otf]:mode=harf;script=latn;language=dflt;"
(fontspec)             - 'small caps'  (m/sc) with NFSS spec.:
(fontspec)             <->"[FreeSans.otf]:mode=harf;script=latn;language=dflt;+smcp;"
(fontspec)             - 'bold' (b/n) with NFSS spec.:
(fontspec)             <->"[FreeSansBold.otf]:mode=harf;script=latn;language=dflt;"
(fontspec)             - 'bold small caps'  (b/sc) with NFSS spec.:
(fontspec)             <->"[FreeSansBold.otf]:mode=harf;script=latn;language=dflt;+smcp;"
(fontspec)             - 'italic' (m/it) with NFSS spec.:
(fontspec)             <->"[FreeSansOblique.otf]:mode=harf;script=latn;language=dflt;"
(fontspec)             - 'bold italic' (b/it) with NFSS spec.:
(fontspec)             <->"[FreeSansBoldOblique.otf]:mode=harf;script=latn;language=dflt;"


Package fontspec Info: 
(fontspec)             FreeMono scale = 0.9.


Package fontspec Info: 
(fontspec)             FreeMono scale = 0.9.


Package fontspec Info: 
(fontspec)             FreeMonoBold scale = 0.9.


Package fontspec Info: 
(fontspec)             FreeMonoOblique scale = 0.9.


Package fontspec Info: 
(fontspec)             FreeMonoBoldOblique scale = 0.9.


Package fontspec Info: 
(fontspec)             Font family 'FreeMono(0)' created for font 'FreeMono'
(fontspec)             with options [Renderer=Harfbuzz,Scale=0.9,Extension =
(fontspec)             .otf,UprightFont = *,ItalicFont = *Oblique,BoldFont =
(fontspec)             *Bold,BoldItalicFont = *BoldOblique].
(fontspec)              
(fontspec)              This font family consists of the following NFSS
(fontspec)             series/shapes:
(fontspec)              
(fontspec)             - 'normal' (m/n) with NFSS spec.:
(fontspec)             <->s*[0.9]"[FreeMono.otf]:mode=harf;script=latn;language=dflt;"
(fontspec)             - 'bold' (b/n) with NFSS spec.:
(fontspec)             <->s*[0.9]"[FreeMonoBold.otf]:mode=harf;script=latn;language=dflt;"
(fontspec)             - 'italic' (m/it) with NFSS spec.:
(fontspec)             <->s*[0.9]"[FreeMonoOblique.otf]:mode=harf;script=latn;language=dflt;"
(fontspec)             - 'bold italic' (b/it) with NFSS spec.:
(fontspec)             <->s*[0.9]"[FreeMonoBoldOblique.otf]:mode=harf;script=latn;language=dflt;"

 (/usr/local/texlive/2026/texmf-dist/tex/latex/fncychap/fncychap.sty
Package: fncychap 2007/07/30 v1.34 LaTeX package (Revised chapters)
\RW=\skip54
\mylen=\skip55
\myhi=\skip56
\px=\skip57
\py=\skip58
\pyy=\skip59
\pxx=\skip60
) (./sphinx.sty
Package: sphinx 2024/11/23 v8.2.0 Sphinx LaTeX package (sphinx-doc)
 (/usr/local/texlive/2026/texmf-dist/tex/generic/ltxcmds/ltxcmds.sty
Package: ltxcmds 2023-12-04 v1.26 LaTeX kernel commands for general use (HO)
) (/usr/local/texlive/2026/texmf-dist/tex/latex/xcolor/xcolor.sty
Package: xcolor 2024/09/29 v3.02 LaTeX color extensions (UK)
 (/usr/local/texlive/2026/texmf-dist/tex/latex/graphics-cfg/color.cfg
File: color.cfg 2016/01/02 v1.6 sample color configuration
)
Package xcolor Info: Driver file: luatex.def on input line 274.
 (/usr/local/texlive/2026/texmf-dist/tex/latex/graphics-def/luatex.def
File: luatex.def 2025/09/29 v1.2f Graphics/color driver for luatex
) (/usr/local/texlive/2026/texmf-dist/tex/latex/graphics/mathcolor.ltx)
Package xcolor Info: Model `cmy' substituted by `cmy0' on input line 1349.
Package xcolor Info: Model `hsb' substituted by `rgb' on input line 1353.
Package xcolor Info: Model `RGB' extended on input line 1365.
Package xcolor Info: Model `HTML' substituted by `rgb' on input line 1367.
Package xcolor Info: Model `Hsb' substituted by `hsb' on input line 1368.
Package xcolor Info: Model `tHsb' substituted by `hsb' on input line 1369.
Package xcolor Info: Model `HSB' substituted by `hsb' on input line 1370.
Package xcolor Info: Model `Gray' substituted by `gray' on input line 1371.
Package xcolor Info: Model `wave' substituted by `hsb' on input line 1372.
) (/usr/local/texlive/2026/texmf-dist/tex/latex/kvoptions/kvoptions.sty
Package: kvoptions 2022-06-15 v3.15 Key value format for package options (HO)
 (/usr/local/texlive/2026/texmf-dist/tex/latex/graphics/keyval.sty
Package: keyval 2022/05/29 v1.15 key=value parser (DPC)
\KV@toks@=\toks22
) (/usr/local/texlive/2026/texmf-dist/tex/latex/kvsetkeys/kvsetkeys.sty
Package: kvsetkeys 2022-10-05 v1.19 Key value parser (HO)
)) (./sphinxoptionshyperref.sty
Package: sphinxoptionshyperref 2021/01/27 hyperref
) (./sphinxoptionsgeometry.sty
Package: sphinxoptionsgeometry 2021/01/27 geometry
) (/usr/local/texlive/2026/texmf-dist/tex/latex/base/textcomp.sty
Package: textcomp 2024/04/24 v2.1b Standard LaTeX package
) (/usr/local/texlive/2026/texmf-dist/tex/latex/float/float.sty
Package: float 2001/11/08 v1.3d Float enhancements (AL)
\c@float@type=\count308
\float@exts=\toks23
\float@box=\box55
\@float@everytoks=\toks24
\@floatcapt=\box56
) (/usr/local/texlive/2026/texmf-dist/tex/latex/wrapfig/wrapfig.sty
\wrapoverhang=\dimen160
\WF@size=\dimen161
\c@WF@wrappedlines=\count309
\WF@box=\box57
\WF@everypar=\toks25
Package: wrapfig 2003/01/31  v 3.6
) (/usr/local/texlive/2026/texmf-dist/tex/latex/capt-of/capt-of.sty
Package: capt-of 2009/12/29 v0.2 standard captions outside of floats
) (/usr/local/texlive/2026/texmf-dist/tex/latex/tools/multicol.sty
Package: multicol 2025/10/21 v2.0b multicolumn formatting (FMi)
\c@tracingmulticols=\count310
\mult@box=\box58
\multicol@leftmargin=\dimen162
\c@unbalance=\count311
\c@collectmore=\count312
\doublecol@number=\count313
\multicoltolerance=\count314
\multicolpretolerance=\count315
\full@width=\dimen163
\page@free=\dimen164
\premulticols=\dimen165
\postmulticols=\dimen166
\multicolsep=\skip61
\multicolbaselineskip=\skip62
\partial@page=\box59
\last@line=\box60
\mc@boxedresult=\box61
\maxbalancingoverflow=\dimen167
\mult@rightbox=\box62
\mult@grightbox=\box63
\mult@firstbox=\box64
\mult@gfirstbox=\box65
\@tempa=\box66
\@tempa=\box67
\@tempa=\box68
\@tempa=\box69
\@tempa=\box70
\@tempa=\box71
\@tempa=\box72
\@tempa=\box73
\@tempa=\box74
\@tempa=\box75
\@tempa=\box76
\@tempa=\box77
\@tempa=\box78
\@tempa=\box79
\@tempa=\box80
\@tempa=\box81
\@tempa=\box82
\@tempa=\box83
\@tempa=\box84
\@tempa=\box85
\@tempa=\box86
\@tempa=\box87
\@tempa=\box88
\@tempa=\box89
\@tempa=\box90
\@tempa=\box91
\@tempa=\box92
\@tempa=\box93
\@tempa=\box94
\@tempa=\box95
\@tempa=\box96
\@tempa=\box97
\@tempa=\box98
\@tempa=\box99
\@tempa=\box100
\@tempa=\box101
\c@minrows=\count316
\c@columnbadness=\count317
\c@finalcolumnbadness=\count318
\last@try=\dimen168
\multicolovershoot=\dimen169
\multicolundershoot=\dimen170
\mult@nat@firstbox=\box102
\colbreak@box=\box103
\mc@col@check@num=\count319
\g__mc_curr_col_int=\count320
) (/usr/local/texlive/2026/texmf-dist/tex/latex/graphics/graphicx.sty
Package: graphicx 2024/12/31 v1.2e Enhanced LaTeX Graphics (DPC,SPQR)
 (/usr/local/texlive/2026/texmf-dist/tex/latex/graphics/graphics.sty
Package: graphics 2024/08/06 v1.4g Standard LaTeX Graphics (DPC,SPQR)
 (/usr/local/texlive/2026/texmf-dist/tex/latex/graphics/trig.sty
Package: trig 2023/12/02 v1.11 sin cos tan (DPC)
) (/usr/local/texlive/2026/texmf-dist/tex/latex/graphics-cfg/graphics.cfg
File: graphics.cfg 2016/06/04 v1.11 sample graphics configuration
)
Package graphics Info: Driver file: luatex.def on input line 106.
)
\Gin@req@height=\dimen171
\Gin@req@width=\dimen172
) (./sphinxlatexgraphics.sty
Package: sphinxlatexgraphics 2024/08/13 v8.1.0 graphics
\spx@image@maxheight=\dimen173
\spx@image@box=\box104
) (./sphinxpackageboxes.sty
Package: sphinxpackageboxes 2024/07/01 v7.4.0 advanced colored boxes
 (/usr/local/texlive/2026/texmf-dist/tex/latex/pict2e/pict2e.sty
Package: pict2e 2020/09/30 v0.4b Improved picture commands (HjG,RN,JT)
 (/usr/local/texlive/2026/texmf-dist/tex/latex/pict2e/pict2e.cfg
File: pict2e.cfg 2016/02/05 v0.1u pict2e configuration for teTeX/TeXLive
)
Package pict2e Info: Driver file: luatex.def on input line 112.
Package pict2e Info: Driver file for pict2e: p2e-luatex.def on input line 114.
 (/usr/local/texlive/2026/texmf-dist/tex/latex/pict2e/p2e-luatex.def
File: p2e-luatex.def 2016/02/05 v0.1u Driver-dependant file (RN,HjG,JT)
)
\pIIe@GRAPH=\toks26
\@arclen=\dimen174
\@arcrad=\dimen175
\pIIe@tempdima=\dimen176
\pIIe@tempdimb=\dimen177
\pIIe@tempdimc=\dimen178
\pIIe@tempdimd=\dimen179
\pIIe@tempdime=\dimen180
\pIIe@tempdimf=\dimen181
) (/usr/local/texlive/2026/texmf-dist/tex/latex/ellipse/ellipse.sty
Package: ellipse 2004/11/05 v1.0 .dtx ellipse file
)
\@tempdimd=\dimen182
\spx@tempboxa=\box105
\spx@tempboxb=\box106
\spx@boxes@border@top=\dimen183
\spx@boxes@border@right=\dimen184
\spx@boxes@border@bottom=\dimen185
\spx@boxes@border@left=\dimen186
\spx@boxes@padding@top=\dimen187
\spx@boxes@padding@right=\dimen188
\spx@boxes@padding@bottom=\dimen189
\spx@boxes@padding@left=\dimen190
\spx@boxes@shadow@xoffset=\dimen191
\spx@boxes@shadow@yoffset=\dimen192
\spx@boxes@radius@topleft@x=\dimen193
\spx@boxes@radius@topright@x=\dimen194
\spx@boxes@radius@bottomright@x=\dimen195
\spx@boxes@radius@bottomleft@x=\dimen196
\spx@boxes@radius@topleft@y=\dimen197
\spx@boxes@radius@topright@y=\dimen198
\spx@boxes@radius@bottomright@y=\dimen199
\spx@boxes@radius@bottomleft@y=\dimen256
) (./sphinxlatexadmonitions.sty
Package: sphinxlatexadmonitions 2024/10/11 v8.1.1 admonitions
 (/usr/local/texlive/2026/texmf-dist/tex/latex/framed/framed.sty
Package: framed 2011/10/22 v 0.96: framed or shaded text with page breaks
\OuterFrameSep=\skip63
\fb@frw=\dimen257
\fb@frh=\dimen258
\FrameRule=\dimen259
\FrameSep=\dimen260
) (./sphinxpackagefootnote.sty
Package: sphinxpackagefootnote 2024/05/17 v7.3.x Sphinx custom footnotehyper package (Sphinx team)
\FNH@notes=\box107
\FNH@toks=\toks27
\FNH@width=\dimen261
\c@sphinxfootnotemark=\count321
)
\spx@notice@border=\dimen262
\c@sphinxtodo=\count322
) (./sphinxlatexliterals.sty
Package: sphinxlatexliterals 2024/07/01 v7.4.0 code-blocks and parsed literals
 (/usr/local/texlive/2026/texmf-dist/tex/latex/fancyvrb/fancyvrb.sty
Package: fancyvrb 2025/07/28 4.6 verbatim text (tvz,hv)
\FV@CodeLineNo=\count323
\FV@InFile=\read2
\FV@TabBox=\box108
\c@FancyVerbLine=\count324
\FV@StepNumber=\count325
\FV@OutFile=\write3
) (/usr/local/texlive/2026/texmf-dist/tex/latex/base/alltt.sty
Package: alltt 2024/07/07 v2.0g defines alltt environment
) (/usr/local/texlive/2026/texmf-dist/tex/latex/upquote/upquote.sty
Package: upquote 2012/04/19 v1.3 upright-quote and grave-accent glyphs in verbatim
) (/usr/local/texlive/2026/texmf-dist/tex/latex/needspace/needspace.sty
Package: needspace 2025/03/13 v1.3e reserve vertical space
)
\sphinxcontinuationbox=\box109
\sphinxvisiblespacebox=\box110
\sphinxVerbatim@TitleBox=\box111
\sphinxVerbatim@ContentsBox=\box112
) (./sphinxlatexshadowbox.sty
Package: sphinxlatexshadowbox 2024/07/28 v8.1.0 sphinxShadowBox
) (./sphinxlatexcontainers.sty
Package: sphinxlatexcontainers 2021/05/03 containers
) (./sphinxhighlight.sty
Package: sphinxhighlight 2022/06/30 stylesheet for highlighting with pygments
) (./sphinxlatextables.sty
Package: sphinxlatextables 2024/07/01 v7.4.0 tables
 (/usr/local/texlive/2026/texmf-dist/tex/latex/tabulary/tabulary.sty
Package: tabulary 2024/06/04 v0.11 tabulary package (DPC)
 (/usr/local/texlive/2026/texmf-dist/tex/latex/tools/array.sty
Package: array 2025/09/25 v2.6n Tabular extension package (FMi)
\col@sep=\dimen263
\ar@mcellbox=\box113
\extrarowheight=\dimen264
\NC@list=\toks28
\extratabsurround=\skip64
\backup@length=\skip65
\ar@cellbox=\box114
)
\TY@count=\count326
\TY@linewidth=\dimen265
\tymin=\dimen266
\tymax=\dimen267
\TY@tablewidth=\dimen268
) (/usr/local/texlive/2026/texmf-dist/tex/latex/tools/longtable.sty
Package: longtable 2025-10-13 v4.24 Multi-page Table package (DPC)
\LTleft=\skip66
\LTright=\skip67
\LTpre=\skip68
\LTpost=\skip69
\LTchunksize=\count327
\LTcapwidth=\dimen269
\LT@head=\box115
\LT@firsthead=\box116
\LT@foot=\box117
\LT@lastfoot=\box118
\LT@gbox=\box119
\LT@cols=\count328
\LT@rows=\count329
\c@LT@tables=\count330
\c@LT@chunks=\count331
\LT@p@ftn=\toks29
) (/usr/local/texlive/2026/texmf-dist/tex/latex/varwidth/varwidth.sty
Package: varwidth 2009/03/30 ver 0.92;  Variable-width minipages
\@vwid@box=\box120
\sift@deathcycles=\count332
\@vwid@loff=\dimen270
\@vwid@roff=\dimen271
)
==> First Aid for varwidth.sty applied!
\sphinx@TY@tablewidth=\dimen272
(/usr/local/texlive/2026/texmf-dist/tex/latex/colortbl/colortbl.sty
Package: colortbl 2024/10/29 v1.0k Color table columns (DPC)
\everycr=\toks30
\minrowclearance=\skip70
\rownum=\count333
)) (./sphinxlatexnumfig.sty
Package: sphinxlatexnumfig 2024/07/31 v8.1.0 numbering
) (./sphinxlatexlists.sty
Package: sphinxlatexlists 2021/12/20 lists
\spx@lineitemlabel=\toks31
)
\c@sphinxscope=\count334
 (./sphinxlatexindbibtoc.sty
Package: sphinxlatexindbibtoc 2021/01/27 index, bib., toc
 (/usr/local/texlive/2026/texmf-dist/tex/latex/base/makeidx.sty
Package: makeidx 2021/10/04 v1.0m Standard LaTeX package
)) (./sphinxlatexstylepage.sty
Package: sphinxlatexstylepage 2021/01/27 page styling
 (/usr/local/texlive/2026/texmf-dist/tex/latex/parskip/parskip.sty
Package: parskip 2021-03-14 v2.0h non-zero parskip adjustments
) (/usr/local/texlive/2026/texmf-dist/tex/latex/fancyhdr/fancyhdr.sty
Package: fancyhdr 2025/02/07 v5.2 Extensive control of page headers and footers
\f@nch@headwidth=\skip71
\f@nch@offset@elh=\skip72
\f@nch@offset@erh=\skip73
\f@nch@offset@olh=\skip74
\f@nch@offset@orh=\skip75
\f@nch@offset@elf=\skip76
\f@nch@offset@erf=\skip77
\f@nch@offset@olf=\skip78
\f@nch@offset@orf=\skip79
\f@nch@height=\skip80
\f@nch@footalignment=\skip81
\f@nch@widthL=\skip82
\f@nch@widthC=\skip83
\f@nch@widthR=\skip84
\@temptokenb=\toks32
)) (./sphinxlatexstyleheadings.sty
Package: sphinxlatexstyleheadings 2023/02/11 headings
 (/usr/local/texlive/2026/texmf-dist/tex/latex/titlesec/titlesec.sty
Package: titlesec 2025/01/04 v2.17 Sectioning titles
\ttl@box=\box121
\beforetitleunit=\skip85
\aftertitleunit=\skip86
\ttl@plus=\dimen273
\ttl@minus=\dimen274
\ttl@toksa=\toks33
\titlewidth=\dimen275
\titlewidthlast=\dimen276
\titlewidthfirst=\dimen277
)) (./sphinxlatexstyletext.sty
Package: sphinxlatexstyletext 2024/07/28 v8.1.0 text styling
) (./sphinxlatexobjects.sty
Package: sphinxlatexobjects 2025/02/11 documentation environments
\sphinxsignaturesep=\skip87
\sphinxsignaturelistskip=\skip88
\py@argswidth=\skip89
\lineblockindentation=\skip90
\DUlineblockindent=\skip91
)) (/usr/local/texlive/2026/texmf-dist/tex/latex/geometry/geometry.sty
Package: geometry 2026/03/07 v6.0 Page Geometry
 (/usr/local/texlive/2026/texmf-dist/tex/generic/iftex/ifvtex.sty
Package: ifvtex 2019/10/25 v1.7 ifvtex legacy package. Use iftex instead.
)
\Gm@cnth=\count335
\Gm@cntv=\count336
\c@Gm@tempcnt=\count337
\Gm@bindingoffset=\dimen278
\Gm@wd@mp=\dimen279
\Gm@odd@mp=\dimen280
\Gm@even@mp=\dimen281
\Gm@layoutwidth=\dimen282
\Gm@layoutheight=\dimen283
\Gm@layouthoffset=\dimen284
\Gm@layoutvoffset=\dimen285
\Gm@dimlist=\toks34
) (/usr/local/texlive/2026/texmf-dist/tex/latex/hyperref/hyperref.sty
Package: hyperref 2026-01-29 v7.01p Hypertext links for LaTeX
 (/usr/local/texlive/2026/texmf-dist/tex/generic/kvdefinekeys/kvdefinekeys.sty
Package: kvdefinekeys 2019-12-19 v1.6 Define keys (HO)
) (/usr/local/texlive/2026/texmf-dist/tex/generic/pdfescape/pdfescape.sty
Package: pdfescape 2019/12/09 v1.15 Implements pdfTeX's escape features (HO)
 (/usr/local/texlive/2026/texmf-dist/tex/generic/pdftexcmds/pdftexcmds.sty
Package: pdftexcmds 2020-06-27 v0.33 Utility functions of pdfTeX for LuaTeX (HO)
 (/usr/local/texlive/2026/texmf-dist/tex/generic/infwarerr/infwarerr.sty
Package: infwarerr 2019/12/03 v1.5 Providing info/warning/error messages (HO)
)
Package pdftexcmds Info: \pdf@primitive is available.
Package pdftexcmds Info: \pdf@ifprimitive is available.
Package pdftexcmds Info: \pdfdraftmode found.
\pdftexcmds@toks=\toks35
)) (/usr/local/texlive/2026/texmf-dist/tex/latex/hycolor/hycolor.sty
Package: hycolor 2020-01-27 v1.10 Color options for hyperref/bookmark (HO)
) (/usr/local/texlive/2026/texmf-dist/tex/latex/hyperref/nameref.sty
Package: nameref 2026-01-29 v2.58 Cross-referencing by name of section
 (/usr/local/texlive/2026/texmf-dist/tex/latex/refcount/refcount.sty
Package: refcount 2019/12/15 v3.6 Data extraction from label references (HO)
) (/usr/local/texlive/2026/texmf-dist/tex/generic/gettitlestring/gettitlestring.sty
Package: gettitlestring 2019/12/15 v1.6 Cleanup title references (HO)
)
\c@section@level=\count338
) (/usr/local/texlive/2026/texmf-dist/tex/generic/stringenc/stringenc.sty
Package: stringenc 2019/11/29 v1.12 Convert strings between diff. encodings (HO)
)
\@linkdim=\dimen286
\Hy@linkcounter=\count339
\Hy@pagecounter=\count340
 (/usr/local/texlive/2026/texmf-dist/tex/latex/hyperref/pd1enc.def
File: pd1enc.def 2026-01-29 v7.01p Hyperref: PDFDocEncoding definition (HO)
) (/usr/local/texlive/2026/texmf-dist/tex/generic/intcalc/intcalc.sty
Package: intcalc 2019/12/15 v1.3 Expandable calculations with integers (HO)
)
\Hy@SavedSpaceFactor=\count341
 (/usr/local/texlive/2026/texmf-dist/tex/latex/hyperref/puenc.def
File: puenc.def 2026-01-29 v7.01p Hyperref: PDF Unicode definition (HO)
)
\pdfmajorversion=\count342
Package hyperref Info: Option `hyperindex' set `false' on input line 4072.
Package hyperref Info: Option `unicode' set `true' on input line 4072.
Package hyperref Info: Option `colorlinks' set `true' on input line 4072.
Package hyperref Info: Option `breaklinks' set `true' on input line 4072.
Package hyperref Info: Hyper figures OFF on input line 4201.
Package hyperref Info: Link nesting OFF on input line 4206.
Package hyperref Info: Hyper index OFF on input line 4211.
Package hyperref Info: Plain pages OFF on input line 4216.
Package hyperref Info: Backreferencing OFF on input line 4221.
Package hyperref Info: Implicit mode ON; LaTeX internals redefined.
Package hyperref Info: Bookmarks ON on input line 4468.
\c@Hy@tempcnt=\count343
 (/usr/local/texlive/2026/texmf-dist/tex/latex/url/url.sty
\Urlmuskip=\muskip18
Package: url 2013/09/16  ver 3.4  Verb mode for urls, etc.
)
LaTeX Info: Redefining \url on input line 4807.
\XeTeXLinkMargin=\dimen287
 (/usr/local/texlive/2026/texmf-dist/tex/generic/bitset/bitset.sty
Package: bitset 2019/12/09 v1.3 Handle bit-vector datatype (HO)
 (/usr/local/texlive/2026/texmf-dist/tex/generic/bigintcalc/bigintcalc.sty
Package: bigintcalc 2019/12/15 v1.5 Expandable calculations on big integers (HO)
))
\Fld@menulength=\count344
\Field@Width=\dimen288
\Fld@charsize=\dimen289
Package hyperref Info: Hyper figures OFF on input line 6084.
Package hyperref Info: Link nesting OFF on input line 6089.
Package hyperref Info: Hyper index OFF on input line 6094.
Package hyperref Info: backreferencing OFF on input line 6099.
Package hyperref Info: Link coloring ON on input line 6102.
Package hyperref Info: Link coloring with OCG OFF on input line 6109.
Package hyperref Info: PDF/A mode OFF on input line 6114.
\Hy@abspage=\count345
\c@Item=\count346
\c@Hfootnote=\count347
)
Package hyperref Info: Driver (autodetected): hluatex.
 (/usr/local/texlive/2026/texmf-dist/tex/latex/hyperref/hluatex.def
File: hluatex.def 2026-01-29 v7.01p Hyperref driver for luaTeX
\Fld@listcount=\count348
\c@bookmark@seq@number=\count349
 (/usr/local/texlive/2026/texmf-dist/tex/latex/rerunfilecheck/rerunfilecheck.sty
Package: rerunfilecheck 2025-06-21 v1.11 Rerun checks for auxiliary files (HO)
 (/usr/local/texlive/2026/texmf-dist/tex/generic/uniquecounter/uniquecounter.sty
Package: uniquecounter 2019/12/15 v1.4 Provide unlimited unique counter (HO)
)
Package uniquecounter Info: New unique counter `rerunfilecheck' on input line 284.
)
\Hy@SectionHShift=\skip92
) (/usr/local/texlive/2026/texmf-dist/tex/latex/hypcap/hypcap.sty
Package: hypcap 2024-07-26 v1.13 Adjusting the anchors of captions (HO)
 (/usr/local/texlive/2026/texmf-dist/tex/latex/letltxmacro/letltxmacro.sty
Package: letltxmacro 2019/12/03 v1.6 Let assignment for LaTeX macros (HO)
)) (./sphinxmessages.sty
Package: sphinxmessages 2019/01/04 v2.0 Localized LaTeX macros (Sphinx team)
)
\@indexfile=\write4

\openout4 = aula115.idx

Writing index file aula115.idx
(./aula115.aux)
\openout1 = aula115.aux

LaTeX Font Info:    Checking defaults for OML/cmm/m/it on input line 95.
LaTeX Font Info:    ... okay on input line 95.
LaTeX Font Info:    Checking defaults for OMS/cmsy/m/n on input line 95.
LaTeX Font Info:    ... okay on input line 95.
LaTeX Font Info:    Checking defaults for OT1/cmr/m/n on input line 95.
LaTeX Font Info:    ... okay on input line 95.
LaTeX Font Info:    Checking defaults for T1/cmr/m/n on input line 95.
LaTeX Font Info:    ... okay on input line 95.
LaTeX Font Info:    Checking defaults for TS1/cmr/m/n on input line 95.
LaTeX Font Info:    ... okay on input line 95.
LaTeX Font Info:    Checking defaults for TU/lmr/m/n on input line 95.
LaTeX Font Info:    ... okay on input line 95.
LaTeX Font Info:    Checking defaults for OMX/cmex/m/n on input line 95.
LaTeX Font Info:    ... okay on input line 95.
LaTeX Font Info:    Checking defaults for U/cmr/m/n on input line 95.
LaTeX Font Info:    ... okay on input line 95.
LaTeX Font Info:    Checking defaults for PD1/pdf/m/n on input line 95.
LaTeX Font Info:    ... okay on input line 95.
LaTeX Font Info:    Checking defaults for PU/pdf/m/n on input line 95.
LaTeX Font Info:    ... okay on input line 95.

Package fontspec Info: 
(fontspec)             Adjusting the maths setup (use [no-math] to avoid
(fontspec)             this).

\symlegacymaths=\mathgroup6
LaTeX Font Info:    Overwriting symbol font `legacymaths' in version `bold'
(Font)                  OT1/cmr/m/n --> OT1/cmr/bx/n on input line 95.
LaTeX Font Info:    Redeclaring math accent \acute on input line 95.
LaTeX Font Info:    Redeclaring math accent \grave on input line 95.
LaTeX Font Info:    Redeclaring math accent \ddot on input line 95.
LaTeX Font Info:    Redeclaring math accent \tilde on input line 95.
LaTeX Font Info:    Redeclaring math accent \bar on input line 95.
LaTeX Font Info:    Redeclaring math accent \breve on input line 95.
LaTeX Font Info:    Redeclaring math accent \check on input line 95.
LaTeX Font Info:    Redeclaring math accent \hat on input line 95.
LaTeX Font Info:    Redeclaring math accent \dot on input line 95.
LaTeX Font Info:    Redeclaring math accent \mathring on input line 95.
LaTeX Font Info:    Redeclaring math symbol \Gamma on input line 95.
LaTeX Font Info:    Redeclaring math symbol \Delta on input line 95.
LaTeX Font Info:    Redeclaring math symbol \Theta on input line 95.
LaTeX Font Info:    Redeclaring math symbol \Lambda on input line 95.
LaTeX Font Info:    Redeclaring math symbol \Xi on input line 95.
LaTeX Font Info:    Redeclaring math symbol \Pi on input line 95.
LaTeX Font Info:    Redeclaring math symbol \Sigma on input line 95.
LaTeX Font Info:    Redeclaring math symbol \Upsilon on input line 95.
LaTeX Font Info:    Redeclaring math symbol \Phi on input line 95.
LaTeX Font Info:    Redeclaring math symbol \Psi on input line 95.
LaTeX Font Info:    Redeclaring math symbol \Omega on input line 95.
LaTeX Font Info:    Redeclaring math symbol \mathdollar on input line 95.
LaTeX Font Info:    Redeclaring symbol font `operators' on input line 95.
LaTeX Font Info:    Encoding `OT1' has changed to `TU' for symbol font
(Font)              `operators' in the math version `normal' on input line 95.
LaTeX Font Info:    Overwriting symbol font `operators' in version `normal'
(Font)                  OT1/cmr/m/n --> TU/FreeSerif(0)/m/n on input line 95.
LaTeX Font Info:    Encoding `OT1' has changed to `TU' for symbol font
(Font)              `operators' in the math version `bold' on input line 95.
LaTeX Font Info:    Overwriting symbol font `operators' in version `bold'
(Font)                  OT1/cmr/bx/n --> TU/FreeSerif(0)/m/n on input line 95.
LaTeX Font Info:    Overwriting symbol font `operators' in version `normal'
(Font)                  TU/FreeSerif(0)/m/n --> TU/FreeSerif(0)/m/n on input line 95.
LaTeX Font Info:    Overwriting math alphabet `\mathit' in version `normal'
(Font)                  OT1/cmr/m/it --> TU/FreeSerif(0)/m/it on input line 95.
LaTeX Font Info:    Overwriting math alphabet `\mathbf' in version `normal'
(Font)                  OT1/cmr/bx/n --> TU/FreeSerif(0)/b/n on input line 95.
LaTeX Font Info:    Overwriting math alphabet `\mathsf' in version `normal'
(Font)                  OT1/cmss/m/n --> TU/FreeSans(0)/m/n on input line 95.
LaTeX Font Info:    Overwriting math alphabet `\mathtt' in version `normal'
(Font)                  OT1/cmtt/m/n --> TU/FreeMono(0)/m/n on input line 95.
LaTeX Font Info:    Overwriting symbol font `operators' in version `bold'
(Font)                  TU/FreeSerif(0)/m/n --> TU/FreeSerif(0)/b/n on input line 95.
LaTeX Font Info:    Overwriting math alphabet `\mathit' in version `bold'
(Font)                  OT1/cmr/bx/it --> TU/FreeSerif(0)/b/it on input line 95.
LaTeX Font Info:    Overwriting math alphabet `\mathsf' in version `bold'
(Font)                  OT1/cmss/bx/n --> TU/FreeSans(0)/b/n on input line 95.
LaTeX Font Info:    Overwriting math alphabet `\mathtt' in version `bold'
(Font)                  OT1/cmtt/m/n --> TU/FreeMono(0)/b/n on input line 95.
 (/usr/local/texlive/2026/texmf-dist/tex/context/base/mkii/supp-pdf.mkii
[Loading MPS to PDF converter (version 2006.09.02).]
\scratchcounter=\count350
\scratchdimen=\dimen290
\scratchbox=\box122
\nofMPsegments=\count351
\nofMParguments=\count352
\everyMPshowfont=\toks36
\MPscratchCnt=\count353
\MPscratchDim=\dimen291
\MPnumerator=\count354
\makeMPintoPDFobject=\count355
\everyMPtoPDFconversion=\toks37
) (/usr/local/texlive/2026/texmf-dist/tex/latex/epstopdf-pkg/epstopdf-base.sty
Package: epstopdf-base 2020-01-24 v2.11 Base part for package epstopdf
Package epstopdf-base Info: Redefining graphics rule for `.eps' on input line 485.
 (/usr/local/texlive/2026/texmf-dist/tex/latex/latexconfig/epstopdf-sys.cfg
File: epstopdf-sys.cfg 2010/07/13 v1.3 Configuration of (r)epstopdf for TeX Live
)) (/usr/local/texlive/2026/texmf-dist/tex/latex/fontawesome5/fontawesome5.sty
Package: fontawesome5 2022/05/02 v5.15.4 Font Awesome 5
 (/usr/local/texlive/2026/texmf-dist/tex/latex/l3packages/l3keys2e/l3keys2e.sty
Package: l3keys2e 2025-10-09 LaTeX2e option processing using LaTeX3 keys
) (/usr/local/texlive/2026/texmf-dist/tex/latex/fontawesome5/fontawesome5-utex-helper.sty
Package: fontawesome5-utex-helper 2022/05/02 v5.15.4 uTeX helper for fontawesome5
 (/usr/local/texlive/2026/texmf-dist/tex/luatex/luatexbase/luatexbase.sty
Package: luatexbase 2015/10/04 v1.3 luatexbase interface to LuaTeX 
 (/usr/local/texlive/2026/texmf-dist/tex/luatex/ctablestack/ctablestack.sty
Package: ctablestack 2015/10/01 v1.0 Catcode table stable support
\@catcodetablestackcnt=\count356
)
\CatcodeTableOther=\catcodetable14
\CatcodeTableExpl=\catcodetable15
)
LaTeX Font Info:    Trying to load font information for TU+fontawesomefree on input line 69.
 (/usr/local/texlive/2026/texmf-dist/tex/latex/fontawesome5/tufontawesomefree.fd)
LaTeX Font Info:    Trying to load font information for TU+fontawesomebrands on input line 70.
 (/usr/local/texlive/2026/texmf-dist/tex/latex/fontawesome5/tufontawesomebrands.fd)))
\c@literalblock=\count357

*geometry* driver: auto-detecting
*geometry* detected driver: luatex
*geometry* verbose mode - [ preamble ] result:
* driver: luatex
* paper: letterpaper
* layout: <same size as paper>
* layoutoffset:(h,v)=(0.0pt,0.0pt)
* modes: twoside 
* h-part:(L,W,R)=(72.26999pt, 469.75502pt, 72.26999pt)
* v-part:(T,H,B)=(72.26999pt, 650.43001pt, 72.26999pt)
* \paperwidth=614.295pt
* \paperheight=794.96999pt
* \textwidth=469.75502pt
* \textheight=650.43001pt
* \oddsidemargin=0.0pt
* \evensidemargin=0.0pt
* \topmargin=-37.0pt
* \headheight=12.0pt
* \headsep=25.0pt
* \topskip=10.0pt
* \footskip=30.0pt
* \marginparwidth=36.135pt
* \marginparsep=11.0pt
* \columnsep=10.0pt
* \skip\footins=9.0pt plus 4.0pt minus 2.0pt
* \hoffset=0.0pt
* \voffset=0.0pt
* \mag=1000
* \@twocolumnfalse
* \@twosidetrue
* \@mparswitchtrue
* \@reversemarginfalse
* (1in=72.27pt=25.4mm, 1cm=28.453pt)

Package hyperref Info: Link coloring ON on input line 95.
(./aula115.out) (./aula115.out)
\@outlinefile=\write5

\openout5 = aula115.out

Package polyglossia Info: totalhyphenmin:'5'

Package hyperref Info: Option `pageanchor' set `false' on input line 98.
<logo_light.png, id=1322, 150.5625pt x 52.69687pt>
LaTeX Font Info:    Font shape `TU/FreeMono(0)/m/n' will be
(Font)              scaled to size 8.99994pt on input line 98.
File: logo_light.png Graphic file (type png)
<use logo_light.png>
Package luatex.def Info: logo_light.png  used on input line 98.
(luatex.def)             Requested size: 150.56212pt x 52.69673pt.
<<oml.cmap>><<oms.cmap>><<omx.cmap>>
LaTeX Font Info:    Trying to load font information for U+msa on input line 98.
 (/usr/local/texlive/2026/texmf-dist/tex/latex/amsfonts/umsa.fd
File: umsa.fd 2013/01/14 v3.01 AMS symbols A
)
LaTeX Font Info:    Trying to load font information for U+msb on input line 98.
 (/usr/local/texlive/2026/texmf-dist/tex/latex/amsfonts/umsb.fd
File: umsb.fd 2013/01/14 v3.01 AMS symbols B
)<<ot1.cmap>> [1

{/usr/local/texlive/2026/texmf-var/fonts/map/pdftex/updmap/pdftex.map}<./logo_light.png>] [2


] (./aula115.toc

Package polyglossia Info: totalhyphenmin:'5'

 [1

])
\tf@toc=\write6

\openout6 = aula115.toc
 [2]
<aula115.png, id=1394, 963.6pt x 295.1025pt>
File: aula115.png Graphic file (type png)
<use aula115.png>
Package luatex.def Info: aula115.png  used on input line 106.
(luatex.def)             Requested size: 469.75679pt x 143.863pt.
<camilo.fonseca.png, id=1395, 371.13657pt x 368.87813pt>
File: camilo.fonseca.png Graphic file (type png)
<use camilo.fonseca.png>
Package luatex.def Info: camilo.fonseca.png  used on input line 133.
(luatex.def)             Requested size: 135.50537pt x 134.6816pt.
File: camilo.fonseca.png Graphic file (type png)
<use camilo.fonseca.png>
Package luatex.def Info: camilo.fonseca.png  used on input line 133.
(luatex.def)             Requested size: 135.50537pt x 134.6816pt.
 [1

<./aula115.png><./camilo.fonseca.png>] [2

]
Capítulo 1.
[3]
<sello.png, id=1420, 963.6pt x 373.395pt>
File: sello.png Graphic file (type png)
<use sello.png>
Package luatex.def Info: sello.png  used on input line 413.
(luatex.def)             Requested size: 301.12305pt x 116.68564pt.
File: sello.png Graphic file (type png)
<use sello.png>
Package luatex.def Info: sello.png  used on input line 413.
(luatex.def)             Requested size: 301.12305pt x 116.68564pt.
 [4<./sello.png>]
LaTeX Font Info:    Font shape `TU/FreeMono(0)/m/n' will be
(Font)              scaled to size 4.49997pt on input line 576.
LaTeX Font Info:    Font shape `TU/FreeMono(0)/b/n' will be
(Font)              scaled to size 8.99994pt on input line 579.
 [5]
<image01.png, id=1436, 162.6075pt x 264.99pt>
File: image01.png Graphic file (type png)
<use image01.png>
Package luatex.def Info: image01.png  used on input line 632.
(luatex.def)             Requested size: 135.50537pt x 220.83928pt.
File: image01.png Graphic file (type png)
<use image01.png>
Package luatex.def Info: image01.png  used on input line 632.
(luatex.def)             Requested size: 135.50537pt x 220.83928pt.
 [6<./image01.png>] [7] [8]
Capítulo 2.
[9

] [10]
<image011.png, id=1462, 659.46375pt x 657.95813pt>
File: image011.png Graphic file (type png)
<use image011.png>
Package luatex.def Info: image011.png  used on input line 1076.
(luatex.def)             Requested size: 225.84229pt x 225.32922pt.
File: image011.png Graphic file (type png)
<use image011.png>
Package luatex.def Info: image011.png  used on input line 1076.
(luatex.def)             Requested size: 225.84229pt x 225.32922pt.
 [11] [12<./image011.png>]
Capítulo 3.
[13

] [14

]
Capítulo 4.
<escudo.png, id=1492, 376.40625pt x 376.40625pt>
File: escudo.png Graphic file (type png)
<use escudo.png>
Package luatex.def Info: escudo.png  used on input line 1215.
(luatex.def)             Requested size: 152.41496pt x 152.41496pt.
File: escudo.png Graphic file (type png)
<use escudo.png>
Package luatex.def Info: escudo.png  used on input line 1215.
(luatex.def)             Requested size: 140.42256pt x 140.42256pt.
[15<./escudo.png>] [16]
<image0112.png, id=1506, 256.70906pt x 142.28156pt>
File: image0112.png Graphic file (type png)
<use image0112.png>
Package luatex.def Info: image0112.png  used on input line 1462.
(luatex.def)             Requested size: 225.84229pt x 125.17558pt.
File: image0112.png Graphic file (type png)
<use image0112.png>
Package luatex.def Info: image0112.png  used on input line 1462.
(luatex.def)             Requested size: 225.84229pt x 125.17558pt.
 [17<./image0112.png>]
<image0210.png, id=1519, 259.7203pt x 172.39406pt>
File: image0210.png Graphic file (type png)
<use image0210.png>
Package luatex.def Info: image0210.png  used on input line 1529.
(luatex.def)             Requested size: 225.84229pt x 149.90532pt.
File: image0210.png Graphic file (type png)
<use image0210.png>
Package luatex.def Info: image0210.png  used on input line 1529.
(luatex.def)             Requested size: 225.84229pt x 149.90532pt.
<image039.png, id=1521, 770.88pt x 770.88pt>
File: image039.png Graphic file (type png)
<use image039.png>
Package luatex.def Info: image039.png  used on input line 1588.
(luatex.def)             Requested size: 225.84229pt x 225.8432pt.
File: image039.png Graphic file (type png)
<use image039.png>
Package luatex.def Info: image039.png  used on input line 1588.
(luatex.def)             Requested size: 225.84229pt x 225.8432pt.

Underfull \vbox (badness 10000) detected at line 1610
 []


Overfull \vbox (62.38359pt too high) detected at line 1610
 []

[18<./image0210.png><./image039.png>]
<image047.png, id=1533, 676.02562pt x 614.295pt>
File: image047.png Graphic file (type png)
<use image047.png>
Package luatex.def Info: image047.png  used on input line 1639.
(luatex.def)             Requested size: 225.84229pt x 205.22066pt.
File: image047.png Graphic file (type png)
<use image047.png>
Package luatex.def Info: image047.png  used on input line 1639.
(luatex.def)             Requested size: 225.84229pt x 205.22066pt.
 [19<./image047.png>] [20] [21]
<image057.png, id=1574, 630.85687pt x 591.71063pt>
File: image057.png Graphic file (type png)
<use image057.png>
Package luatex.def Info: image057.png  used on input line 2022.
(luatex.def)             Requested size: 225.84229pt x 211.82387pt.
File: image057.png Graphic file (type png)
<use image057.png>
Package luatex.def Info: image057.png  used on input line 2022.
(luatex.def)             Requested size: 225.84229pt x 211.82387pt.
 [22] [23<./image057.png>]
Underfull \hbox (badness 10000) in paragraph at lines 2195--2195
[]\TU/FreeSerif(0)/b/n/10 PRE-GUN-
 []


Underfull \hbox (badness 10000) in paragraph at lines 2195--2195
[]\TU/FreeSerif(0)/b/n/10 AC-TI-VI-
 []

[24]
File: escudo.png Graphic file (type png)
<use escudo.png>
Package luatex.def Info: escudo.png  used on input line 2312.
(luatex.def)             Requested size: 152.41496pt x 152.41496pt.
File: escudo.png Graphic file (type png)
<use escudo.png>
Package luatex.def Info: escudo.png  used on input line 2312.
(luatex.def)             Requested size: 140.42256pt x 140.42256pt.
 [25] [26]
Missing character: There is no á (U+00E1) in font cmmi10!
Missing character: There is no á (U+00E1) in font cmmi10!
Missing character: There is no á (U+00E1) in font cmmi10!
Missing character: There is no á (U+00E1) in font cmmi10!
[27] [28] [29]
<image0113.png, id=1660, 472.01344pt x 474.27188pt>
File: image0113.png Graphic file (type png)
<use image0113.png>
Package luatex.def Info: image0113.png  used on input line 3278.
(luatex.def)             Requested size: 301.12305pt x 302.57047pt.
File: image0113.png Graphic file (type png)
<use image0113.png>
Package luatex.def Info: image0113.png  used on input line 3278.
(luatex.def)             Requested size: 301.12305pt x 302.57047pt.
 [30]
<image0211.png, id=1669, 541.27219pt x 438.13687pt>
File: image0211.png Graphic file (type png)
<use image0211.png>
Package luatex.def Info: image0211.png  used on input line 3305.
(luatex.def)             Requested size: 414.04419pt x 335.16023pt.
File: image0211.png Graphic file (type png)
<use image0211.png>
Package luatex.def Info: image0211.png  used on input line 3305.
(luatex.def)             Requested size: 414.04419pt x 335.16023pt.
 [31<./image0113.png>]
Underfull \hbox (badness 10000) in paragraph at lines 3421--3421
[]\TU/FreeSans(0)/m/n/10 Nom-
 []


Underfull \hbox (badness 10000) in paragraph at lines 3421--3421
[]\TU/FreeSans(0)/m/n/10 Ape-
 []


Overfull \hbox (6.10849pt too wide) in paragraph at lines 3421--3421
[]\TU/FreeSans(0)/m/n/10 Edad| 
 []


Underfull \hbox (badness 10000) in paragraph at lines 3421--3421
[]\TU/FreeSans(0)/m/n/10 Año de
 []


Underfull \hbox (badness 10000) in paragraph at lines 3421--3421
[]\TU/FreeSans(0)/m/n/10 Soft-wa-re más
 []

[32<./image0211.png>]
Missing character: There is no ñ (U+00F1) in font cmmi10!
Missing character: There is no ñ (U+00F1) in font cmmi10!
Missing character: There is no ñ (U+00F1) in font cmmi10!
Missing character: There is no ñ (U+00F1) in font cmmi10!
<image0310.png, id=1684, 790.45313pt x 455.45157pt>
File: image0310.png Graphic file (type png)
<use image0310.png>
Package luatex.def Info: image0310.png  used on input line 3525.
(luatex.def)             Requested size: 444.76146pt x 256.26732pt.
File: image0310.png Graphic file (type png)
<use image0310.png>
Package luatex.def Info: image0310.png  used on input line 3525.
(luatex.def)             Requested size: 432.76044pt x 249.35245pt.
[33]
Underfull \hbox (badness 10000) in paragraph at lines 3618--3618
[]\TU/FreeSerif(0)/b/n/10 PRE-GUN-
 []


Underfull \hbox (badness 10000) in paragraph at lines 3618--3618
[]\TU/FreeSerif(0)/b/n/10 OB-JE-TI-
 []


Underfull \hbox (badness 10000) in paragraph at lines 3618--3618
[]\TU/FreeSerif(0)/b/n/10 AC-TI-VI-
 []

[34<./image0310.png>] [35] [36]
Missing character: There is no á (U+00E1) in font cmmi10!
Missing character: There is no á (U+00E1) in font cmmi10!
Missing character: There is no á (U+00E1) in font cmmi10!
Missing character: There is no á (U+00E1) in font cmmi10!
[37] [38

]
Capítulo 5.
File: escudo.png Graphic file (type png)
<use escudo.png>
Package luatex.def Info: escudo.png  used on input line 3924.
(luatex.def)             Requested size: 152.41496pt x 152.41496pt.
File: escudo.png Graphic file (type png)
<use escudo.png>
Package luatex.def Info: escudo.png  used on input line 3924.
(luatex.def)             Requested size: 140.42256pt x 140.42256pt.
[39]
<image012.png, id=1748, 602.25pt x 379.4175pt>
File: image012.png Graphic file (type png)
<use image012.png>
Package luatex.def Info: image012.png  used on input line 4135.
(luatex.def)             Requested size: 376.40381pt x 237.14113pt.
File: image012.png Graphic file (type png)
<use image012.png>
Package luatex.def Info: image012.png  used on input line 4135.
(luatex.def)             Requested size: 376.40381pt x 237.14113pt.
 [40]
Underfull \hbox (badness 7907) in paragraph at lines 4144--4147
[][][][][]\TU/FreeSerif(0)/m/n/8 Ro-jas, J. (2022, May 17). El pri-mer si-tio web de la his-to-ria. Un hito que cam-bió vi-das. Te-lefóni-ca. https://www.te-lefoni-
 []

<image02.png, id=1757, 1918.16624pt x 725.71124pt>
File: image02.png Graphic file (type png)
<use image02.png>
Package luatex.def Info: image02.png  used on input line 4164.
(luatex.def)             Requested size: 469.73534pt x 177.71776pt.
File: image02.png Graphic file (type png)
<use image02.png>
Package luatex.def Info: image02.png  used on input line 4164.
(luatex.def)             Requested size: 457.73512pt x 173.17764pt.

Underfull \hbox (badness 6141) in paragraph at lines 4170--4173
[][][][][]\TU/FreeSerif(0)/m/n/8 Pas-tor, J. (2018, April 28). Cuan-do Mo-saic do-mi-naba el mun-do (de los na-vegadores). Xa-ta-ka.com; Xa-ta-ka. https://www.xa-ta-
 []

<image03.png, id=1759, 1028.34187pt x 729.47531pt>
File: image03.png Graphic file (type png)
<use image03.png>
Package luatex.def Info: image03.png  used on input line 4190.
(luatex.def)             Requested size: 469.76355pt x 333.23636pt.
[41<./image012.png><./image02.png>]
File: image03.png Graphic file (type png)
<use image03.png>
Package luatex.def Info: image03.png  used on input line 4190.
(luatex.def)             Requested size: 457.75977pt x 324.72124pt.
<image04.png, id=1776, 379.4175pt x 542.025pt>
File: image04.png Graphic file (type png)
<use image04.png>
Package luatex.def Info: image04.png  used on input line 4222.
(luatex.def)             Requested size: 225.84229pt x 322.63707pt.
File: image04.png Graphic file (type png)
<use image04.png>
Package luatex.def Info: image04.png  used on input line 4222.
(luatex.def)             Requested size: 225.84229pt x 322.63707pt.
 [42<./image03.png>]
Underfull \hbox (badness 10000) in paragraph at lines 4228--4231
[][][][][]\TU/FreeSerif(0)/m/n/8 Pas-tor, J. (2015, Ja-nuary 27). Al-tair 8800: todo co-men-zó hace ya 40 años. Xa-ta-ka.com; Xa-ta-ka. https://www.xa-ta-
 []


Underfull \hbox (badness 10000) in paragraph at lines 4242--4245
[][][][][]\TU/FreeSerif(0)/m/n/8 The Con-ver-sa-tion. (2024, Ja-nuary 22). La Mac cum-ple 40 años: de-bu-tó con este an-to-lógi-co avi-so di-ri-gi-do por Rid-
 []


Underfull \hbox (badness 10000) in paragraph at lines 4242--4245
\TU/FreeSerif(0)/m/n/8 ley Scott para mos-trar cómo ha-bía otra for-ma de usar una compu-tado-ra. LA NA-CION. https://www.la-na-cion.com.ar/tec-
 []

<image05.png, id=1789, 1478.52374pt x 966.61125pt>
File: image05.png Graphic file (type png)
<use image05.png>
Package luatex.def Info: image05.png  used on input line 4280.
(luatex.def)             Requested size: 451.68457pt x 295.29535pt.
File: image05.png Graphic file (type png)
<use image05.png>
Package luatex.def Info: image05.png  used on input line 4280.
(luatex.def)             Requested size: 451.68457pt x 295.29535pt.
[43<./image04.png>]
Underfull \hbox (badness 10000) in paragraph at lines 4289--4292
[][][][][]\TU/FreeSerif(0)/m/n/8 His-to-ria de Mi-cro-soft. (2012, No-vember 10). Blog de tec-nología; Sis-te-mas Iber-tró-ni-ca. https://iber-tro-ni-ca.es/blog/pro-duc-
 []

<image06.png, id=1805, 694.09312pt x 420.06938pt>
File: image06.png Graphic file (type png)
<use image06.png>
Package luatex.def Info: image06.png  used on input line 4309.
(luatex.def)             Requested size: 376.40381pt x 227.80836pt.
File: image06.png Graphic file (type png)
<use image06.png>
Package luatex.def Info: image06.png  used on input line 4309.
(luatex.def)             Requested size: 376.40381pt x 227.80836pt.
[44<./image05.png>]
<image07.png, id=1816, 889.82437pt x 600.74437pt>
File: image07.png Graphic file (type png)
<use image07.png>
Package luatex.def Info: image07.png  used on input line 4341.
(luatex.def)             Requested size: 451.68457pt x 304.94559pt.
File: image07.png Graphic file (type png)
<use image07.png>
Package luatex.def Info: image07.png  used on input line 4341.
(luatex.def)             Requested size: 451.68457pt x 304.94559pt.
 [45<./image06.png>]
Underfull \hbox (badness 10000) in paragraph at lines 4354--4357
[][][][][]\TU/FreeSerif(0)/m/n/8 Ve-lás-quez, W. (2022, April 1). 3 his-to-rias del soft-wa-re li-bre que de-be-rías co-no-cer. Wa-ja-ri. https://wa-ja-
 []

<image08.png, id=1828, 549.55313pt x 328.97906pt>
File: image08.png Graphic file (type png)
<use image08.png>
Package luatex.def Info: image08.png  used on input line 4374.
(luatex.def)             Requested size: 451.68457pt x 270.40208pt.
File: image08.png Graphic file (type png)
<use image08.png>
Package luatex.def Info: image08.png  used on input line 4374.
(luatex.def)             Requested size: 451.68457pt x 270.40208pt.
[46<./image07.png>]
<image09.png, id=1841, 1882.03125pt x 1882.03125pt>
File: image09.png Graphic file (type png)
<use image09.png>
Package luatex.def Info: image09.png  used on input line 4403.
(luatex.def)             Requested size: 150.56152pt x 150.53685pt.
File: image09.png Graphic file (type png)
<use image09.png>
Package luatex.def Info: image09.png  used on input line 4403.
(luatex.def)             Requested size: 150.56152pt x 150.53685pt.
<image10.png, id=1843, 577.15625pt x 254.9525pt>
File: image10.png Graphic file (type png)
<use image10.png>
Package luatex.def Info: image10.png  used on input line 4425.
(luatex.def)             Requested size: 301.12305pt x 133.02342pt.
File: image10.png Graphic file (type png)
<use image10.png>
Package luatex.def Info: image10.png  used on input line 4425.
(luatex.def)             Requested size: 301.12305pt x 133.02342pt.
 [47<./image08.png><./image09.png>] [48<./image10.png>] [49]
Underfull \hbox (badness 10000) in paragraph at lines 4818--4818
[]\TU/FreeSerif(0)/b/n/10 PRE-GUN-
 []


Underfull \hbox (badness 10000) in paragraph at lines 4818--4818
[]\TU/FreeSerif(0)/b/n/10 OB-JE-TI-
 []


Underfull \hbox (badness 10000) in paragraph at lines 4818--4818
[]\TU/FreeSerif(0)/b/n/10 AC-TI-VI-
 []

[50]
File: escudo.png Graphic file (type png)
<use escudo.png>
Package luatex.def Info: escudo.png  used on input line 4935.
(luatex.def)             Requested size: 152.41496pt x 152.41496pt.
File: escudo.png Graphic file (type png)
<use escudo.png>
Package luatex.def Info: escudo.png  used on input line 4935.
(luatex.def)             Requested size: 140.42256pt x 140.42256pt.
 [51] [52]
Underfull \hbox (badness 10000) in paragraph at lines 5179--5179
[]\TU/FreeSerif(0)/b/n/10 PRE-
 []


Underfull \hbox (badness 10000) in paragraph at lines 5179--5179
[]\TU/FreeSerif(0)/b/n/10 OB-JE-TI-
 []


Underfull \hbox (badness 10000) in paragraph at lines 5179--5179
[]\TU/FreeSerif(0)/b/n/10 AC-TI-VI-
 []

[53]
Underfull \hbox (badness 10000) in paragraph at lines 5346--5346
[]\TU/FreeSerif(0)/b/n/10 PRE-
 []


Underfull \hbox (badness 10000) in paragraph at lines 5346--5346
[]\TU/FreeSerif(0)/b/n/10 OB-JE-TI-
 []


Underfull \hbox (badness 10000) in paragraph at lines 5346--5346
[]\TU/FreeSerif(0)/b/n/10 AC-TI-VI-
 []

[54]
File: escudo.png Graphic file (type png)
<use escudo.png>
Package luatex.def Info: escudo.png  used on input line 5491.
(luatex.def)             Requested size: 152.41496pt x 152.41496pt.
File: escudo.png Graphic file (type png)
<use escudo.png>
Package luatex.def Info: escudo.png  used on input line 5491.
(luatex.def)             Requested size: 140.42256pt x 140.42256pt.
 [55]
<image013.png, id=1959, 930.47626pt x 566.115pt>
File: image013.png Graphic file (type png)
<use image013.png>
Package luatex.def Info: image013.png  used on input line 5710.
(luatex.def)             Requested size: 301.12305pt x 183.20775pt.
File: image013.png Graphic file (type png)
<use image013.png>
Package luatex.def Info: image013.png  used on input line 5710.
(luatex.def)             Requested size: 301.12305pt x 183.20775pt.
 [56] [57<./image013.png>] [58]
<image021.png, id=1978, 474.27188pt x 340.27126pt>
File: image021.png Graphic file (type png)
<use image021.png>
Package luatex.def Info: image021.png  used on input line 5864.
(luatex.def)             Requested size: 271.01074pt x 194.44469pt.
File: image021.png Graphic file (type png)
<use image021.png>
Package luatex.def Info: image021.png  used on input line 5864.
(luatex.def)             Requested size: 271.01074pt x 194.44469pt.
<image031.png, id=1979, 307.1475pt x 283.81032pt>
File: image031.png Graphic file (type png)
<use image031.png>
Package luatex.def Info: image031.png  used on input line 5918.
(luatex.def)             Requested size: 203.25806pt x 187.81773pt.
File: image031.png Graphic file (type png)
<use image031.png>
Package luatex.def Info: image031.png  used on input line 5918.
(luatex.def)             Requested size: 203.25806pt x 187.81773pt.
 [59<./image021.png>]
<image041.png, id=1986, 292.84406pt x 188.20313pt>
File: image041.png Graphic file (type png)
<use image041.png>
Package luatex.def Info: image041.png  used on input line 5961.
(luatex.def)             Requested size: 301.12305pt x 193.54408pt.
File: image041.png Graphic file (type png)
<use image041.png>
Package luatex.def Info: image041.png  used on input line 5961.
(luatex.def)             Requested size: 301.12305pt x 193.54408pt.

Underfull \vbox (badness 10000) detected at line 5964
 []

[60<./image031.png>]
<image051.png, id=1993, 1059.96pt x 578.16pt>
File: image051.png Graphic file (type png)
<use image051.png>
Package luatex.def Info: image051.png  used on input line 5986.
(luatex.def)             Requested size: 414.04419pt x 225.84319pt.
File: image051.png Graphic file (type png)
<use image051.png>
Package luatex.def Info: image051.png  used on input line 5986.
(luatex.def)             Requested size: 414.04419pt x 225.84319pt.
<image061.png, id=1994, 1059.96pt x 578.16pt>
File: image061.png Graphic file (type png)
<use image061.png>
Package luatex.def Info: image061.png  used on input line 6011.
(luatex.def)             Requested size: 301.12305pt x 164.24799pt.
File: image061.png Graphic file (type png)
<use image061.png>
Package luatex.def Info: image061.png  used on input line 6011.
(luatex.def)             Requested size: 301.12305pt x 164.24799pt.

Underfull \vbox (badness 10000) detected at line 6014
 []

[61<./image041.png><./image051.png>]
<image071.png, id=2003, 1059.96pt x 578.16pt>
File: image071.png Graphic file (type png)
<use image071.png>
Package luatex.def Info: image071.png  used on input line 6036.
(luatex.def)             Requested size: 301.12305pt x 164.24799pt.
File: image071.png Graphic file (type png)
<use image071.png>
Package luatex.def Info: image071.png  used on input line 6036.
(luatex.def)             Requested size: 301.12305pt x 164.24799pt.
<image081.png, id=2004, 485.56406pt x 117.43875pt>
File: image081.png Graphic file (type png)
<use image081.png>
Package luatex.def Info: image081.png  used on input line 6064.
(luatex.def)             Requested size: 301.12305pt x 72.82918pt.
File: image081.png Graphic file (type png)
<use image081.png>
Package luatex.def Info: image081.png  used on input line 6064.
(luatex.def)             Requested size: 301.12305pt x 72.82918pt.

Overfull \vbox (1.35587pt too high) detected at line 6067
 []

[62<./image061.png><./image071.png>]
<image091.png, id=2013, 232.61906pt x 167.87718pt>
File: image091.png Graphic file (type png)
<use image091.png>
Package luatex.def Info: image091.png  used on input line 6095.
(luatex.def)             Requested size: 225.84229pt x 162.99179pt.
File: image091.png Graphic file (type png)
<use image091.png>
Package luatex.def Info: image091.png  used on input line 6095.
(luatex.def)             Requested size: 225.84229pt x 162.99179pt.
<image101.png, id=2014, 1897.0875pt x 2842.62pt>
File: image101.png Graphic file (type png)
<use image101.png>
Package luatex.def Info: image101.png  used on input line 6123.
(luatex.def)             Requested size: 301.12305pt x 451.18501pt.
File: image101.png Graphic file (type png)
<use image101.png>
Package luatex.def Info: image101.png  used on input line 6123.
(luatex.def)             Requested size: 301.12305pt x 451.18501pt.

Underfull \vbox (badness 10000) detected at line 6126
 []

[63<./image081.png><./image091.png>]
<image12.png, id=2024, 435.12563pt x 143.78719pt>
File: image12.png Graphic file (type png)
<use image12.png>
Package luatex.def Info: image12.png  used on input line 6171.
(luatex.def)             Requested size: 301.12305pt x 99.51164pt.
File: image12.png Graphic file (type png)
<use image12.png>
Package luatex.def Info: image12.png  used on input line 6171.
(luatex.def)             Requested size: 301.12305pt x 99.51164pt.
 [64<./image101.png>] [65<./image12.png>] [66]
<image11.png, id=2042, 551.05875pt x 674.52pt>
File: image11.png Graphic file (type png)
<use image11.png>
Package luatex.def Info: image11.png  used on input line 6327.
(luatex.def)             Requested size: 225.84229pt x 276.44177pt.
File: image11.png Graphic file (type png)
<use image11.png>
Package luatex.def Info: image11.png  used on input line 6327.
(luatex.def)             Requested size: 225.84229pt x 276.44177pt.

Underfull \vbox (badness 1783) detected at line 6360
 []

[67] [68<./image11.png>]
Underfull \vbox (badness 1337) detected at line 6470
 []

[69] [70] [71] [72] [73]
<image13.png, id=2082, 375.65344pt x 479.54156pt>
File: image13.png Graphic file (type png)
<use image13.png>
Package luatex.def Info: image13.png  used on input line 6980.
(luatex.def)             Requested size: 301.12305pt x 384.42403pt.
File: image13.png Graphic file (type png)
<use image13.png>
Package luatex.def Info: image13.png  used on input line 6980.
(luatex.def)             Requested size: 301.12305pt x 384.42403pt.
 [74]
<image14.png, id=2090, 500.87125pt x 499.8675pt>
File: image14.png Graphic file (type png)
<use image14.png>
Package luatex.def Info: image14.png  used on input line 7032.
(luatex.def)             Requested size: 414.04419pt x 413.23477pt.
File: image14.png Graphic file (type png)
<use image14.png>
Package luatex.def Info: image14.png  used on input line 7032.
(luatex.def)             Requested size: 414.04419pt x 413.23477pt.
 [75<./image13.png>] [76<./image14.png>]
Underfull \hbox (badness 10000) in paragraph at lines 7239--7239
[]\TU/FreeSerif(0)/b/n/10 PRE-
 []


Underfull \hbox (badness 10000) in paragraph at lines 7239--7239
[]\TU/FreeSerif(0)/b/n/10 OB-JE-TI-
 []


Underfull \hbox (badness 10000) in paragraph at lines 7239--7239
[]\TU/FreeSerif(0)/b/n/10 AC-TI-VI-
 []

[77]
File: escudo.png Graphic file (type png)
<use escudo.png>
Package luatex.def Info: escudo.png  used on input line 7384.
(luatex.def)             Requested size: 152.41496pt x 152.41496pt.
File: escudo.png Graphic file (type png)
<use escudo.png>
Package luatex.def Info: escudo.png  used on input line 7384.
(luatex.def)             Requested size: 140.42256pt x 140.42256pt.
 [78] [79]
<image014.png, id=2133, 548.0475pt x 362.85562pt>
File: image014.png Graphic file (type png)
<use image014.png>
Package luatex.def Info: image014.png  used on input line 7590.
(luatex.def)             Requested size: 301.12305pt x 199.37189pt.
File: image014.png Graphic file (type png)
<use image014.png>
Package luatex.def Info: image014.png  used on input line 7590.
(luatex.def)             Requested size: 301.12305pt x 199.37189pt.
 [80<./image014.png>] [81]
<image022.png, id=2146, 793.46437pt x 359.84438pt>
File: image022.png Graphic file (type png)
<use image022.png>
Package luatex.def Info: image022.png  used on input line 7820.
(luatex.def)             Requested size: 301.12305pt x 136.56657pt.
File: image022.png Graphic file (type png)
<use image022.png>
Package luatex.def Info: image022.png  used on input line 7820.
(luatex.def)             Requested size: 301.12305pt x 136.56657pt.
 [82]
<image032.png, id=2152, 706.13812pt x 665.48625pt>
File: image032.png Graphic file (type png)
<use image032.png>
Package luatex.def Info: image032.png  used on input line 7873.
(luatex.def)             Requested size: 225.84229pt x 212.83809pt.
File: image032.png Graphic file (type png)
<use image032.png>
Package luatex.def Info: image032.png  used on input line 7873.
(luatex.def)             Requested size: 225.84229pt x 212.83809pt.
 [83<./image022.png><./image032.png>]
<image042.png, id=2161, 499.8675pt x 344.78813pt>
File: image042.png Graphic file (type png)
<use image042.png>
Package luatex.def Info: image042.png  used on input line 7950.
(luatex.def)             Requested size: 225.84229pt x 155.77402pt.
File: image042.png Graphic file (type png)
<use image042.png>
Package luatex.def Info: image042.png  used on input line 7950.
(luatex.def)             Requested size: 225.84229pt x 155.77402pt.
 [84<./image042.png>]
<image052.png, id=2168, 633.86812pt x 314.67563pt>
File: image052.png Graphic file (type png)
<use image052.png>
Package luatex.def Info: image052.png  used on input line 8013.
(luatex.def)             Requested size: 376.40381pt x 186.86699pt.
File: image052.png Graphic file (type png)
<use image052.png>
Package luatex.def Info: image052.png  used on input line 8013.
(luatex.def)             Requested size: 376.40381pt x 186.86699pt.
 [85<./image052.png>]
File: image042.png Graphic file (type png)
<use image042.png>
Package luatex.def Info: image042.png  used on input line 8103.
(luatex.def)             Requested size: 240.89844pt x 166.1593pt.
File: image042.png Graphic file (type png)
<use image042.png>
Package luatex.def Info: image042.png  used on input line 8103.
(luatex.def)             Requested size: 240.89844pt x 166.1593pt.
<image062.png, id=2175, 502.87875pt x 383.93437pt>
File: image062.png Graphic file (type png)
<use image062.png>
Package luatex.def Info: image062.png  used on input line 8125.
(luatex.def)             Requested size: 225.84229pt x 172.42322pt.
File: image062.png Graphic file (type png)
<use image062.png>
Package luatex.def Info: image062.png  used on input line 8125.
(luatex.def)             Requested size: 225.84229pt x 172.42322pt.

Underfull \vbox (badness 10000) detected at line 8128
 []

[86]
<image072.png, id=2181, 928.97063pt x 451.6875pt>
File: image072.png Graphic file (type png)
<use image072.png>
Package luatex.def Info: image072.png  used on input line 8160.
(luatex.def)             Requested size: 376.40381pt x 183.02202pt.
File: image072.png Graphic file (type png)
<use image072.png>
Package luatex.def Info: image072.png  used on input line 8160.
(luatex.def)             Requested size: 376.40381pt x 183.02202pt.
 [87<./image062.png><./image072.png>]
<image082.png, id=2191, 602.25pt x 453.19313pt>
File: image082.png Graphic file (type png)
<use image082.png>
Package luatex.def Info: image082.png  used on input line 8231.
(luatex.def)             Requested size: 301.12305pt x 226.60292pt.
File: image082.png Graphic file (type png)
<use image082.png>
Package luatex.def Info: image082.png  used on input line 8231.
(luatex.def)             Requested size: 301.12305pt x 226.60292pt.
 [88<./image082.png>]
<image092.png, id=2198, 1072.005pt x 689.57625pt>
File: image092.png Graphic file (type png)
<use image092.png>
Package luatex.def Info: image092.png  used on input line 8287.
(luatex.def)             Requested size: 376.40381pt x 242.12341pt.
File: image092.png Graphic file (type png)
<use image092.png>
Package luatex.def Info: image092.png  used on input line 8287.
(luatex.def)             Requested size: 376.40381pt x 242.12341pt.
 [89<./image092.png>]
Underfull \hbox (badness 10000) in paragraph at lines 8460--8460
[]\TU/FreeSerif(0)/b/n/10 PRE-
 []


Underfull \hbox (badness 10000) in paragraph at lines 8460--8460
[]\TU/FreeSerif(0)/b/n/10 OB-JE-TI-
 []


Underfull \hbox (badness 10000) in paragraph at lines 8460--8460
[]\TU/FreeSerif(0)/b/n/10 AC-TI-VI-
 []

[90] [91] [92] [93] [94]
Capítulo 6.
File: escudo.png Graphic file (type png)
<use escudo.png>
Package luatex.def Info: escudo.png  used on input line 8870.
(luatex.def)             Requested size: 152.41496pt x 152.41496pt.
File: escudo.png Graphic file (type png)
<use escudo.png>
Package luatex.def Info: escudo.png  used on input line 8870.
(luatex.def)             Requested size: 140.42256pt x 140.42256pt.
[95

] [96]
<image015.png, id=2255, 1172.38pt x 75.28125pt>
File: image015.png Graphic file (type png)
<use image015.png>
Package luatex.def Info: image015.png  used on input line 9131.
(luatex.def)             Requested size: 469.7487pt x 30.16365pt.
File: image015.png Graphic file (type png)
<use image015.png>
Package luatex.def Info: image015.png  used on input line 9131.
(luatex.def)             Requested size: 457.74515pt x 29.39287pt.

Underfull \hbox (badness 10000) in paragraph at lines 9137--9140
[][][][][]\TU/FreeSerif(0)/m/n/8 Hill, S. (2024, March 24). Qué es Goo-gle One y cómo sa-ber si lo ne-ce-sitas. WI-RED. https://es.wi-red.com/ar-ticu-
 []

[97<./image015.png>]
<image023.png, id=2271, 366.36874pt x 75.28125pt>
File: image023.png Graphic file (type png)
<use image023.png>
Package luatex.def Info: image023.png  used on input line 9221.
(luatex.def)             Requested size: 338.76343pt x 69.61337pt.
File: image023.png Graphic file (type png)
<use image023.png>
Package luatex.def Info: image023.png  used on input line 9221.
(luatex.def)             Requested size: 338.76343pt x 69.61337pt.

Underfull \hbox (badness 10000) in paragraph at lines 9227--9230
[][][][][]\TU/FreeSerif(0)/m/n/8 (Vis-nuh), M. G. (2024, Ja-nuary 24). Con Mi-cro-soft Of-fice 365 do-mi-na-rás la pro-duc-ti-vi-dad y con el pre-
 []


Underfull \hbox (badness 10000) in paragraph at lines 9227--9230
\TU/FreeSerif(0)/m/n/8 cio de esta li-cencia en ofer-ta no ten-drás que em-pe-ñar-te para ello. Xa-ta-ka.com; Xa-ta-ka. https://www.xa-ta-ka.com/se-lec-
 []

[98<./image023.png>] [99] [100]
Underfull \hbox (badness 10000) in paragraph at lines 9635--9635
[]\TU/FreeSerif(0)/b/n/10 PRE-GUN-
 []


Underfull \hbox (badness 10000) in paragraph at lines 9635--9635
[]\TU/FreeSerif(0)/b/n/10 AC-TI-VI-
 []

[101]
File: escudo.png Graphic file (type png)
<use escudo.png>
Package luatex.def Info: escudo.png  used on input line 9752.
(luatex.def)             Requested size: 152.41496pt x 152.41496pt.
File: escudo.png Graphic file (type png)
<use escudo.png>
Package luatex.def Info: escudo.png  used on input line 9752.
(luatex.def)             Requested size: 140.42256pt x 140.42256pt.
 [102] [103]
Underfull \hbox (badness 10000) in paragraph at lines 9966--9969
[][][][][]\TU/FreeSerif(0)/m/n/8 Ti-pos de li-cencias de soft-wa-re: soft-wa-re li-bre, pro-pieta-rio y de-más. (2022, July 19). Vel-neo.com. https://vel-
 []

[104]
<image016.png, id=2351, 504.88625pt x 285.065pt>
File: image016.png Graphic file (type png)
<use image016.png>
Package luatex.def Info: image016.png  used on input line 10077.
(luatex.def)             Requested size: 225.84229pt x 127.5125pt.
File: image016.png Graphic file (type png)
<use image016.png>
Package luatex.def Info: image016.png  used on input line 10077.
(luatex.def)             Requested size: 225.84229pt x 127.5125pt.
 [105<./image016.png>]
<image024.png, id=2363, 269.005pt x 51.19125pt>
File: image024.png Graphic file (type png)
<use image024.png>
Package luatex.def Info: image024.png  used on input line 10132.
(luatex.def)             Requested size: 271.01074pt x 51.57307pt.
File: image024.png Graphic file (type png)
<use image024.png>
Package luatex.def Info: image024.png  used on input line 10132.
(luatex.def)             Requested size: 271.01074pt x 51.57307pt.
<image033.png, id=2365, 326.21875pt x 166.6225pt>
File: image033.png Graphic file (type png)
<use image033.png>
Package luatex.def Info: image033.png  used on input line 10182.
(luatex.def)             Requested size: 225.84229pt x 115.3561pt.
File: image033.png Graphic file (type png)
<use image033.png>
Package luatex.def Info: image033.png  used on input line 10182.
(luatex.def)             Requested size: 225.84229pt x 115.3561pt.
 [106<./image024.png><./image033.png>]
<image043.png, id=2380, 211.79124pt x 66.2475pt>
File: image043.png Graphic file (type png)
<use image043.png>
Package luatex.def Info: image043.png  used on input line 10232.
(luatex.def)             Requested size: 271.01074pt x 84.77426pt.
File: image043.png Graphic file (type png)
<use image043.png>
Package luatex.def Info: image043.png  used on input line 10232.
(luatex.def)             Requested size: 271.01074pt x 84.77426pt.
<image053.png, id=2382, 307.1475pt x 72.27pt>
File: image053.png Graphic file (type png)
<use image053.png>
Package luatex.def Info: image053.png  used on input line 10282.
(luatex.def)             Requested size: 301.12305pt x 70.85718pt.
File: image053.png Graphic file (type png)
<use image053.png>
Package luatex.def Info: image053.png  used on input line 10282.
(luatex.def)             Requested size: 301.12305pt x 70.85718pt.
<image063.png, id=2384, 156.25946pt x 45.31525pt>
File: image063.png Graphic file (type png)
<use image063.png>
Package luatex.def Info: image063.png  used on input line 10332.
(luatex.def)             Requested size: 271.01074pt x 78.59756pt.
File: image063.png Graphic file (type png)
<use image063.png>
Package luatex.def Info: image063.png  used on input line 10332.
(luatex.def)             Requested size: 271.01074pt x 78.59756pt.

Underfull \vbox (badness 2103) detected at line 10363
 []

[107<./image043.png><./image053.png>]
<image073.png, id=2400, 240.9pt x 64.74188pt>
File: image073.png Graphic file (type png)
<use image073.png>
Package luatex.def Info: image073.png  used on input line 10382.
(luatex.def)             Requested size: 271.01074pt x 72.84134pt.
File: image073.png Graphic file (type png)
<use image073.png>
Package luatex.def Info: image073.png  used on input line 10382.
(luatex.def)             Requested size: 271.01074pt x 72.84134pt.

Underfull \hbox (badness 10000) in paragraph at lines 10388--10391
[][][][][]\TU/FreeSerif(0)/m/n/8 Au-da-city: una for-ma di-ferente de es-tar en la onda. (2023, No-vember 20). IN-TEF. https://in-tef.es/ob-ser-va-to-
 []

[108<./image063.png><./image073.png>]
<image083.png, id=2415, 248.93pt x 69.25874pt>
File: image083.png Graphic file (type png)
<use image083.png>
Package luatex.def Info: image083.png  used on input line 10429.
(luatex.def)             Requested size: 271.01074pt x 75.40913pt.
File: image083.png Graphic file (type png)
<use image083.png>
Package luatex.def Info: image083.png  used on input line 10429.
(luatex.def)             Requested size: 271.01074pt x 75.40913pt.
 [109<./image083.png>]
<image093.png, id=2428, 260.975pt x 202.7575pt>
File: image093.png Graphic file (type png)
<use image093.png>
Package luatex.def Info: image093.png  used on input line 10534.
(luatex.def)             Requested size: 225.84229pt x 175.46326pt.
File: image093.png Graphic file (type png)
<use image093.png>
Package luatex.def Info: image093.png  used on input line 10534.
(luatex.def)             Requested size: 225.84229pt x 175.46326pt.
<image102.png, id=2430, 374.39874pt x 205.76875pt>
File: image102.png Graphic file (type png)
<use image102.png>
Package luatex.def Info: image102.png  used on input line 10584.
(luatex.def)             Requested size: 225.84229pt x 124.12468pt.
File: image102.png Graphic file (type png)
<use image102.png>
Package luatex.def Info: image102.png  used on input line 10584.
(luatex.def)             Requested size: 225.84229pt x 124.12468pt.

Underfull \vbox (badness 10000) detected at line 10619
 []

[110<./image093.png><./image102.png>]
<image111.png, id=2443, 483.8075pt x 170.6375pt>
File: image111.png Graphic file (type png)
<use image111.png>
Package luatex.def Info: image111.png  used on input line 10638.
(luatex.def)             Requested size: 271.01074pt x 95.58759pt.
File: image111.png Graphic file (type png)
<use image111.png>
Package luatex.def Info: image111.png  used on input line 10638.
(luatex.def)             Requested size: 271.01074pt x 95.58759pt.

Underfull \hbox (badness 10000) in paragraph at lines 10644--10647
[][][][][]\TU/FreeSerif(0)/m/n/8 de Luis, E. R. (2026, March 15). En 1990 un es-tu-dian-te tuvo un pro-blema mos-tran-do imá-genes en su Mac. La
 []


Underfull \hbox (badness 10000) in paragraph at lines 10644--10647
\TU/FreeSerif(0)/m/n/8 so-lu-ción fue crear uno de los soft-wa-res más exi-to-sos de la his-to-ria. Xa-ta-ka.com; Xa-ta-ka. https://www.xa-ta-ka.com/apli-
 []

<image121.png, id=2445, 188.20313pt x 59.47218pt>
File: image121.png Graphic file (type png)
<use image121.png>
Package luatex.def Info: image121.png  used on input line 10692.
(luatex.def)             Requested size: 271.01074pt x 85.64621pt.
File: image121.png Graphic file (type png)
<use image121.png>
Package luatex.def Info: image121.png  used on input line 10692.
(luatex.def)             Requested size: 271.01074pt x 85.64621pt.

Overfull \vbox (45.2233pt too high) detected at line 10727
 []

[111<./image111.png><./image121.png>] [112]
<image131.png, id=2471, 229.85875pt x 62.2325pt>
File: image131.png Graphic file (type png)
<use image131.png>
Package luatex.def Info: image131.png  used on input line 10843.
(luatex.def)             Requested size: 225.84229pt x 61.14885pt.
File: image131.png Graphic file (type png)
<use image131.png>
Package luatex.def Info: image131.png  used on input line 10843.
(luatex.def)             Requested size: 225.84229pt x 61.14885pt.

Underfull \hbox (badness 10000) in paragraph at lines 10849--10852
[][][][][]\TU/FreeSerif(0)/m/n/8 An-to-nio Fer-nán-dez, B. (2025, May 9). Guía de ini-ciación 24.8 - Pre-facio. Li-breof-fice.org. https://books.li-breof-
 []


Overfull \hbox (7.52676pt too wide) in paragraph at lines 10964--10964
[]\TU/FreeSerif(0)/b/n/10 FRAN-
 []


Underfull \hbox (badness 10000) in paragraph at lines 10964--10964
[]\TU/FreeSerif(0)/b/n/10 ES-
 []


Underfull \hbox (badness 10000) in paragraph at lines 10964--10964
\TU/FreeSerif(0)/b/n/10 PA-
 []


Underfull \hbox (badness 10000) in paragraph at lines 10964--10964
[]\TU/FreeSerif(0)/b/n/10 ITA-
 []


Underfull \hbox (badness 10000) in paragraph at lines 10964--10964
\TU/FreeSerif(0)/b/n/10 MA-
 []


Underfull \hbox (badness 10000) in paragraph at lines 10964--10964
[]\TU/FreeSerif(0)/b/n/10 TAI-
 []


Overfull \hbox (0.68677pt too wide) in paragraph at lines 10964--10964
[]\TU/FreeSerif(0)/b/n/10 BRA-
 []


Underfull \hbox (badness 10000) in paragraph at lines 10964--10964
[]\TU/FreeSerif(0)/b/n/10 CO-
 []


Overfull \hbox (3.63675pt too wide) in paragraph at lines 10964--10964
\TU/FreeSerif(0)/b/n/10 LOM-
 []

[113<./image131.png>]
<image141.png, id=2487, 196.735pt x 35.13126pt>
File: image141.png Graphic file (type png)
<use image141.png>
Package luatex.def Info: image141.png  used on input line 10995.
(luatex.def)             Requested size: 203.25806pt x 36.29599pt.
File: image141.png Graphic file (type png)
<use image141.png>
Package luatex.def Info: image141.png  used on input line 10995.
(luatex.def)             Requested size: 203.25806pt x 36.29599pt.
<image15.png, id=2488, 137.51375pt x 35.13126pt>
File: image15.png Graphic file (type png)
<use image15.png>
Package luatex.def Info: image15.png  used on input line 11023.
(luatex.def)             Requested size: 143.03345pt x 36.54472pt.
File: image15.png Graphic file (type png)
<use image15.png>
Package luatex.def Info: image15.png  used on input line 11023.
(luatex.def)             Requested size: 143.03345pt x 36.54472pt.

Underfull \vbox (badness 1460) detected at line 11032
 []

[114<./image141.png><./image15.png>]
<image16.png, id=2499, 216.81pt x 35.13126pt>
File: image16.png Graphic file (type png)
<use image16.png>
Package luatex.def Info: image16.png  used on input line 11051.
(luatex.def)             Requested size: 203.25806pt x 32.93706pt.
File: image16.png Graphic file (type png)
<use image16.png>
Package luatex.def Info: image16.png  used on input line 11051.
(luatex.def)             Requested size: 203.25806pt x 32.93706pt.
<image17.png, id=2500, 152.57pt x 35.13126pt>
File: image17.png Graphic file (type png)
<use image17.png>
Package luatex.def Info: image17.png  used on input line 11079.
(luatex.def)             Requested size: 173.14575pt x 39.87044pt.
File: image17.png Graphic file (type png)
<use image17.png>
Package luatex.def Info: image17.png  used on input line 11079.
(luatex.def)             Requested size: 173.14575pt x 39.87044pt.
<image18.png, id=2501, 205.76875pt x 35.13126pt>
File: image18.png Graphic file (type png)
<use image18.png>
Package luatex.def Info: image18.png  used on input line 11107.
(luatex.def)             Requested size: 180.67383pt x 30.84695pt.
File: image18.png Graphic file (type png)
<use image18.png>
Package luatex.def Info: image18.png  used on input line 11107.
(luatex.def)             Requested size: 180.67383pt x 30.84695pt.
 [115<./image16.png><./image17.png><./image18.png>] [116]
<image20.png, id=2520, 629.35126pt x 580.1675pt>
File: image20.png Graphic file (type png)
<use image20.png>
Package luatex.def Info: image20.png  used on input line 11305.
(luatex.def)             Requested size: 376.40381pt x 346.98773pt.
File: image20.png Graphic file (type png)
<use image20.png>
Package luatex.def Info: image20.png  used on input line 11305.
(luatex.def)             Requested size: 376.40381pt x 346.98773pt.
 [117] [118<./image20.png>] [119]
Underfull \hbox (badness 10000) in paragraph at lines 11858--11858
[]\TU/FreeSerif(0)/m/n/10 Fran-
 []


Underfull \hbox (badness 10000) in paragraph at lines 11858--11858
[]\TU/FreeSerif(0)/m/n/10 Ale-
 []


Underfull \hbox (badness 10000) in paragraph at lines 11858--11858
[]\TU/FreeSerif(0)/m/n/10 Co-
 []

[120]
Underfull \hbox (badness 10000) in paragraph at lines 11979--11979
[]\TU/FreeSerif(0)/m/n/10 Li-breOf-fice
 []


Underfull \hbox (badness 10000) in paragraph at lines 11979--11979
[]\TU/FreeSerif(0)/m/n/10 Mi-cro-soft Po-
 []


Underfull \hbox (badness 10000) in paragraph at lines 11979--11979
[]\TU/FreeSerif(0)/m/n/10 Win-dows De-
 []


Underfull \hbox (badness 10000) in paragraph at lines 11979--11979
[]\TU/FreeSerif(0)/m/n/10 Mi-cro-soft
 []

[121]
<image21.png, id=2561, 377.91188pt x 222.07968pt>
File: image21.png Graphic file (type png)
<use image21.png>
Package luatex.def Info: image21.png  used on input line 12177.
(luatex.def)             Requested size: 301.12305pt x 176.95575pt.
File: image21.png Graphic file (type png)
<use image21.png>
Package luatex.def Info: image21.png  used on input line 12177.
(luatex.def)             Requested size: 301.12305pt x 176.95575pt.
 [122]
File: escudo.png Graphic file (type png)
<use escudo.png>
Package luatex.def Info: escudo.png  used on input line 12211.
(luatex.def)             Requested size: 152.41496pt x 152.41496pt.
File: escudo.png Graphic file (type png)
<use escudo.png>
Package luatex.def Info: escudo.png  used on input line 12211.
(luatex.def)             Requested size: 140.42256pt x 140.42256pt.
 [123<./image21.png>]
<image017.png, id=2576, 1541.76pt x 1541.76pt>
File: image017.png Graphic file (type png)
<use image017.png>
Package luatex.def Info: image017.png  used on input line 12427.
(luatex.def)             Requested size: 90.33691pt x 90.33727pt.
File: image017.png Graphic file (type png)
<use image017.png>
Package luatex.def Info: image017.png  used on input line 12427.
(luatex.def)             Requested size: 90.33691pt x 90.33727pt.
 [124]
<image025.png, id=2586, 514.17094pt x 338.01282pt>
File: image025.png Graphic file (type png)
<use image025.png>
Package luatex.def Info: image025.png  used on input line 12478.
(luatex.def)             Requested size: 451.68457pt x 296.94157pt.
File: image025.png Graphic file (type png)
<use image025.png>
Package luatex.def Info: image025.png  used on input line 12478.
(luatex.def)             Requested size: 451.68457pt x 296.94157pt.
 [125<./image017.png><./image025.png>]
<image034.png, id=2595, 1014.79124pt x 590.205pt>
File: image034.png Graphic file (type png)
<use image034.png>
Package luatex.def Info: image034.png  used on input line 12534.
(luatex.def)             Requested size: 451.68457pt x 262.69893pt.
File: image034.png Graphic file (type png)
<use image034.png>
Package luatex.def Info: image034.png  used on input line 12534.
(luatex.def)             Requested size: 451.68457pt x 262.69893pt.
<image044.png, id=2596, 481.8pt x 443.40656pt>
File: image044.png Graphic file (type png)
<use image044.png>
Package luatex.def Info: image044.png  used on input line 12560.
(luatex.def)             Requested size: 150.56152pt x 138.56421pt.
File: image044.png Graphic file (type png)
<use image044.png>
Package luatex.def Info: image044.png  used on input line 12560.
(luatex.def)             Requested size: 150.56152pt x 138.56421pt.
 [126<./image034.png>] [127<./image044.png>]
Underfull \hbox (badness 10000) in paragraph at lines 12743--12743
[]\TU/FreeSans(0)/m/n/10 ELE-
 []


Underfull \hbox (badness 10000) in paragraph at lines 12743--12743
\TU/FreeSans(0)/m/n/10 MEN-
 []


Underfull \hbox (badness 10000) in paragraph at lines 12743--12743
[]\TU/FreeSerif(0)/b/n/10 Mar-cos
 []


Underfull \hbox (badness 10000) in paragraph at lines 12743--12743
[]\TU/FreeSerif(0)/b/n/10 Imá-
 []


Underfull \hbox (badness 10000) in paragraph at lines 12743--12743
[]\TU/FreeSerif(0)/b/n/10 Ob-jetos
 []


Underfull \hbox (badness 10000) in paragraph at lines 12743--12743
[]\TU/FreeSerif(0)/b/n/10 Mar-
 []


Underfull \hbox (badness 10000) in paragraph at lines 12743--12743
[]\TU/FreeSerif(0)/b/n/10 Sec-
 []


Underfull \hbox (badness 10000) in paragraph at lines 12743--12743
[]\TU/FreeSerif(0)/b/n/10 Hi-per-
 []


Underfull \hbox (badness 10000) in paragraph at lines 12743--12743
[]\TU/FreeSerif(0)/b/n/10 Re-
 []


Overfull \hbox (1.51366pt too wide) in paragraph at lines 12743--12743
\TU/FreeSerif(0)/b/n/10 ferencias| 
 []


Underfull \hbox (badness 10000) in paragraph at lines 12743--12743
[]\TU/FreeSerif(0)/b/n/10 Co-
 []


Underfull \hbox (badness 10000) in paragraph at lines 12743--12743
\TU/FreeSerif(0)/b/n/10 menta-
 []


Underfull \hbox (badness 10000) in paragraph at lines 12743--12743
[]\TU/FreeSerif(0)/b/n/10 Ob-jeti-
 []


Underfull \vbox (badness 10000) detected at line 12746
 []

[128]
File: image025.png Graphic file (type png)
<use image025.png>
Package luatex.def Info: image025.png  used on input line 12813.
(luatex.def)             Requested size: 271.01074pt x 178.16081pt.
File: image034.png Graphic file (type png)
<use image034.png>
Package luatex.def Info: image034.png  used on input line 12813.
(luatex.def)             Requested size: 271.01074pt x 157.61935pt.
File: image025.png Graphic file (type png)
<use image025.png>
Package luatex.def Info: image025.png  used on input line 12813.
(luatex.def)             Requested size: 210.37994pt x 138.30247pt.
File: image034.png Graphic file (type png)
<use image034.png>
Package luatex.def Info: image034.png  used on input line 12813.
(luatex.def)             Requested size: 210.3717pt x 122.35268pt.
 [129]
LaTeX Font Info:    Font shape `TU/FreeMono(0)/b/n' will be
(Font)              scaled to size 10.79993pt on input line 12838.
<image054.png, id=2620, 311.1625pt x 27.10126pt>
File: image054.png Graphic file (type png)
<use image054.png>
Package luatex.def Info: image054.png  used on input line 12887.
(luatex.def)             Requested size: 225.84229pt x 19.67043pt.
File: image054.png Graphic file (type png)
<use image054.png>
Package luatex.def Info: image054.png  used on input line 12887.
(luatex.def)             Requested size: 225.84229pt x 19.67043pt.
<image064.png, id=2621, 274.02374pt x 100.375pt>
File: image064.png Graphic file (type png)
<use image064.png>
Package luatex.def Info: image064.png  used on input line 12910.
(luatex.def)             Requested size: 301.12305pt x 110.3102pt.
File: image064.png Graphic file (type png)
<use image064.png>
Package luatex.def Info: image064.png  used on input line 12910.
(luatex.def)             Requested size: 301.12305pt x 110.3102pt.
 [130<./image054.png>]
<image074.png, id=2631, 326.21875pt x 102.3825pt>
File: image074.png Graphic file (type png)
<use image074.png>
Package luatex.def Info: image074.png  used on input line 12971.
(luatex.def)             Requested size: 301.12305pt x 94.51485pt.
File: image074.png Graphic file (type png)
<use image074.png>
Package luatex.def Info: image074.png  used on input line 12971.
(luatex.def)             Requested size: 301.12305pt x 94.51485pt.
<image084.png, id=2632, 41.15375pt x 27.10126pt>
File: image084.png Graphic file (type png)
<use image084.png>
Package luatex.def Info: image084.png  used on input line 12994.
(luatex.def)             Requested size: 66.99988pt x 44.12708pt.
File: image084.png Graphic file (type png)
<use image084.png>
Package luatex.def Info: image084.png  used on input line 12994.
(luatex.def)             Requested size: 66.99988pt x 44.12708pt.
<image094.png, id=2633, 720.6925pt x 25.09375pt>
File: image094.png Graphic file (type png)
<use image094.png>
Package luatex.def Info: image094.png  used on input line 13025.
(luatex.def)             Requested size: 444.74634pt x 15.48596pt.
File: image094.png Graphic file (type png)
<use image094.png>
Package luatex.def Info: image094.png  used on input line 13025.
(luatex.def)             Requested size: 432.74875pt x 15.06822pt.
 [131<./image064.png><./image074.png><./image084.png>]
<image103.png, id=2650, 860.21375pt x 28.105pt>
File: image103.png Graphic file (type png)
<use image103.png>
Package luatex.def Info: image103.png  used on input line 13061.
(luatex.def)             Requested size: 444.76732pt x 14.53148pt.
File: image103.png Graphic file (type png)
<use image103.png>
Package luatex.def Info: image103.png  used on input line 13061.
(luatex.def)             Requested size: 432.75722pt x 14.13908pt.
<image112.png, id=2651, 83.81313pt x 43.16125pt>
File: image112.png Graphic file (type png)
<use image112.png>
Package luatex.def Info: image112.png  used on input line 13084.
(luatex.def)             Requested size: 75.28076pt x 38.76703pt.
File: image112.png Graphic file (type png)
<use image112.png>
Package luatex.def Info: image112.png  used on input line 13084.
(luatex.def)             Requested size: 75.28076pt x 38.76703pt.
<image122.png, id=2652, 913.4125pt x 32.12pt>
File: image122.png Graphic file (type png)
<use image122.png>
Package luatex.def Info: image122.png  used on input line 13120.
(luatex.def)             Requested size: 444.74672pt x 15.64041pt.
File: image122.png Graphic file (type png)
<use image122.png>
Package luatex.def Info: image122.png  used on input line 13120.
(luatex.def)             Requested size: 432.7465pt x 15.21843pt.
 [132<./image094.png><./image103.png><./image112.png><./image122.png>]
<image132.png, id=2672, 55.70813pt x 436.63126pt>
File: image132.png Graphic file (type png)
<use image132.png>
Package luatex.def Info: image132.png  used on input line 13200.
(luatex.def)             Requested size: 33.87634pt x 265.51852pt.
File: image132.png Graphic file (type png)
<use image132.png>
Package luatex.def Info: image132.png  used on input line 13200.
(luatex.def)             Requested size: 33.87634pt x 265.51852pt.
<image142.png, id=2673, 358.33875pt x 499.8675pt>
File: image142.png Graphic file (type png)
<use image142.png>
Package luatex.def Info: image142.png  used on input line 13223.
(luatex.def)             Requested size: 301.12305pt x 420.0765pt.
File: image142.png Graphic file (type png)
<use image142.png>
Package luatex.def Info: image142.png  used on input line 13223.
(luatex.def)             Requested size: 301.12305pt x 420.0765pt.
 [133<./image132.png>] [134<./image142.png>]
Underfull \hbox (badness 10000) in paragraph at lines 13264--13265
[]\TU/FreeSerif(0)/m/n/10 GUAR-DE el do-cu-men-to en su \TU/FreeSerif(0)/b/n/10 car-pe-ta de evi-dencias \TU/FreeSerif(0)/m/n/10 del pe-rio-do ac-tual con el nom-bre:
 []

<image151.png, id=2692, 37.64063pt x 43.66313pt>
File: image151.png Graphic file (type png)
<use image151.png>
Package luatex.def Info: image151.png  used on input line 13285.
(luatex.def)             Requested size: 37.64038pt x 43.66699pt.
File: image151.png Graphic file (type png)
<use image151.png>
Package luatex.def Info: image151.png  used on input line 13285.
(luatex.def)             Requested size: 37.64038pt x 43.66699pt.
<image161.png, id=2693, 1443.3925pt x 872.25874pt>
File: image161.png Graphic file (type png)
<use image161.png>
Package luatex.def Info: image161.png  used on input line 13320.
(luatex.def)             Requested size: 444.73805pt x 268.76033pt.
File: image161.png Graphic file (type png)
<use image161.png>
Package luatex.def Info: image161.png  used on input line 13320.
(luatex.def)             Requested size: 432.7568pt x 261.5066pt.
[135<./image151.png><./image161.png>]
Underfull \hbox (badness 10000) in paragraph at lines 13368--13369
[]\TU/FreeSerif(0)/m/n/10 GUAR-DE el do-cu-men-to en su \TU/FreeSerif(0)/b/n/10 car-pe-ta de evi-dencias \TU/FreeSerif(0)/m/n/10 del pe-rio-do ac-tual con el nom-bre:
 []

<image171.png, id=2711, 460.72125pt x 203.25937pt>
File: image171.png Graphic file (type png)
<use image171.png>
Package luatex.def Info: image171.png  used on input line 13410.
(luatex.def)             Requested size: 376.40381pt x 166.05966pt.
File: image171.png Graphic file (type png)
<use image171.png>
Package luatex.def Info: image171.png  used on input line 13410.
(luatex.def)             Requested size: 376.40381pt x 166.05966pt.
[136<./image171.png>] [137]
<image181.png, id=2738, 523.20468pt x 24.09pt>
File: image181.png Graphic file (type png)
<use image181.png>
Package luatex.def Info: image181.png  used on input line 13610.
(luatex.def)             Requested size: 444.76599pt x 20.47841pt.
File: image181.png Graphic file (type png)
<use image181.png>
Package luatex.def Info: image181.png  used on input line 13610.
(luatex.def)             Requested size: 432.76686pt x 19.92593pt.

Underfull \hbox (badness 5022) in paragraph at lines 13635--13636
[]\TU/FreeSerif(0)/m/n/10 Reali-ce una cap-tu-ra de pan-ta-lla que mues-tre \TU/FreeSerif(0)/b/n/10 el nú-me-ro de ve-ces que se en-contró la ex-presión
 []


Underfull \hbox (badness 10000) in paragraph at lines 13635--13636
\TU/FreeSerif(0)/b/n/10 bus-ca-da \TU/FreeSerif(0)/m/n/10 y guar-de la ima-gen en la \TU/FreeSerif(0)/b/n/10 car-pe-ta de evi-dencias \TU/FreeSerif(0)/m/n/10 del pe-rio-do ac-tual con el nom-bre:
 []

<image19.png, id=2739, 560.0925pt x 176.15813pt>
File: image19.png Graphic file (type png)
<use image19.png>
Package luatex.def Info: image19.png  used on input line 13684.
(luatex.def)             Requested size: 444.77573pt x 139.88913pt.
File: image19.png Graphic file (type png)
<use image19.png>
Package luatex.def Info: image19.png  used on input line 13684.
(luatex.def)             Requested size: 432.7767pt x 136.11523pt.
[138<./image181.png>] [139<./image19.png>]
<image201.png, id=2762, 481.8pt x 433.62pt>
File: image201.png Graphic file (type png)
<use image201.png>
Package luatex.def Info: image201.png  used on input line 13803.
(luatex.def)             Requested size: 37.64038pt x 33.87646pt.
File: image201.png Graphic file (type png)
<use image201.png>
Package luatex.def Info: image201.png  used on input line 13803.
(luatex.def)             Requested size: 37.64038pt x 33.87646pt.
<image211.png, id=2763, 502.12593pt x 303.38344pt>
File: image211.png Graphic file (type png)
<use image211.png>
Package luatex.def Info: image211.png  used on input line 13841.
(luatex.def)             Requested size: 444.77602pt x 268.73735pt.
File: image211.png Graphic file (type png)
<use image211.png>
Package luatex.def Info: image211.png  used on input line 13841.
(luatex.def)             Requested size: 432.77762pt x 261.48795pt.
 [140<./image201.png>] [141<./image211.png>]
File: escudo.png Graphic file (type png)
<use escudo.png>
Package luatex.def Info: escudo.png  used on input line 13929.
(luatex.def)             Requested size: 152.41496pt x 152.41496pt.
File: escudo.png Graphic file (type png)
<use escudo.png>
Package luatex.def Info: escudo.png  used on input line 13929.
(luatex.def)             Requested size: 140.42256pt x 140.42256pt.
 [142]
<image018.png, id=2794, 591.71063pt x 21.83156pt>
File: image018.png Graphic file (type png)
<use image018.png>
Package luatex.def Info: image018.png  used on input line 14163.
(luatex.def)             Requested size: 469.76666pt x 17.33334pt.
File: image018.png Graphic file (type png)
<use image018.png>
Package luatex.def Info: image018.png  used on input line 14163.
(luatex.def)             Requested size: 457.76744pt x 16.89063pt.
<image026.png, id=2795, 149.8097pt x 252.19218pt>
File: image026.png Graphic file (type png)
<use image026.png>
Package luatex.def Info: image026.png  used on input line 14198.
(luatex.def)             Requested size: 150.56152pt x 253.47682pt.
File: image026.png Graphic file (type png)
<use image026.png>
Package luatex.def Info: image026.png  used on input line 14198.
(luatex.def)             Requested size: 150.56152pt x 253.47682pt.
 [143<./image018.png>] [144<./image026.png>]
Underfull \hbox (badness 10000) in paragraph at lines 14318--14319
[]\TU/FreeSerif(0)/m/n/10 GUAR-DE el do-cu-men-to en su \TU/FreeSerif(0)/b/n/10 car-pe-ta de evi-dencias \TU/FreeSerif(0)/m/n/10 del pe-rio-do ac-tual con el nom-bre:
 []

<image035.png, id=2811, 167.87718pt x 139.27031pt>
File: image035.png Graphic file (type png)
<use image035.png>
Package luatex.def Info: image035.png  used on input line 14348.
(luatex.def)             Requested size: 195.72998pt x 162.37819pt.
File: image035.png Graphic file (type png)
<use image035.png>
Package luatex.def Info: image035.png  used on input line 14348.
(luatex.def)             Requested size: 195.72998pt x 162.37819pt.
[145]
<image045.png, id=2823, 438.8897pt x 300.3722pt>
File: image045.png Graphic file (type png)
<use image045.png>
Package luatex.def Info: image045.png  used on input line 14371.
(luatex.def)             Requested size: 414.04419pt x 283.37654pt.
File: image045.png Graphic file (type png)
<use image045.png>
Package luatex.def Info: image045.png  used on input line 14371.
(luatex.def)             Requested size: 414.04419pt x 283.37654pt.
 [146<./image035.png><./image045.png>]
<image055.png, id=2834, 181.42781pt x 114.4275pt>
File: image055.png Graphic file (type png)
<use image055.png>
Package luatex.def Info: image055.png  used on input line 14447.
(luatex.def)             Requested size: 188.2019pt x 118.70322pt.
<image065.png, id=2835, 371.88937pt x 237.88875pt>
File: image065.png Graphic file (type png)
<use image065.png>
Package luatex.def Info: image065.png  used on input line 14467.
(luatex.def)             Requested size: 188.2019pt x 120.3924pt.

Overfull \vbox (1.60562pt too high) detected at line 14511
 []

[147<./image055.png><./image065.png>]
<image075.png, id=2844, 449.42906pt x 481.8pt>
File: image075.png Graphic file (type png)
<use image075.png>
Package luatex.def Info: image075.png  used on input line 14592.
(luatex.def)             Requested size: 376.40381pt x 403.53296pt.
File: image075.png Graphic file (type png)
<use image075.png>
Package luatex.def Info: image075.png  used on input line 14592.
(luatex.def)             Requested size: 376.40381pt x 403.53296pt.
 [148] [149<./image075.png>]
<image085.png, id=2862, 843.15pt x 784.43062pt>
File: image085.png Graphic file (type png)
<use image085.png>
Package luatex.def Info: image085.png  used on input line 14755.
(luatex.def)             Requested size: 376.40381pt x 350.18967pt.
File: image085.png Graphic file (type png)
<use image085.png>
Package luatex.def Info: image085.png  used on input line 14755.
(luatex.def)             Requested size: 376.40381pt x 350.18967pt.
 [150] [151<./image085.png>]
<image095.png, id=2881, 165.61874pt x 85.06781pt>
File: image095.png Graphic file (type png)
<use image095.png>
Package luatex.def Info: image095.png  used on input line 14921.
(luatex.def)             Requested size: 150.56152pt x 77.33783pt.
File: image095.png Graphic file (type png)
<use image095.png>
Package luatex.def Info: image095.png  used on input line 14921.
(luatex.def)             Requested size: 150.56152pt x 77.33783pt.
<image104.png, id=2882, 31.61812pt x 39.14626pt>
File: image104.png Graphic file (type png)
<use image104.png>
Package luatex.def Info: image104.png  used on input line 14948.
(luatex.def)             Requested size: 22.58423pt x 27.96187pt.
File: image104.png Graphic file (type png)
<use image104.png>
Package luatex.def Info: image104.png  used on input line 14948.
(luatex.def)             Requested size: 22.58423pt x 27.96187pt.
 [152<./image095.png><./image104.png>]
<image113.png, id=2893, 42.1575pt x 43.66313pt>
File: image113.png Graphic file (type png)
<use image113.png>
Package luatex.def Info: image113.png  used on input line 15037.
(luatex.def)             Requested size: 37.64038pt x 38.9853pt.
File: image113.png Graphic file (type png)
<use image113.png>
Package luatex.def Info: image113.png  used on input line 15037.
(luatex.def)             Requested size: 37.64038pt x 38.9853pt.
 [153<./image113.png>]
<image123.png, id=2906, 654.19406pt x 462.97969pt>
File: image123.png Graphic file (type png)
<use image123.png>
Package luatex.def Info: image123.png  used on input line 15101.
(luatex.def)             Requested size: 444.75624pt x 314.75844pt.
File: image123.png Graphic file (type png)
<use image123.png>
Package luatex.def Info: image123.png  used on input line 15101.
(luatex.def)             Requested size: 432.75764pt x 306.2669pt.
 [154<./image123.png>]
<image133.png, id=2916, 549.55313pt x 369.63094pt>
File: image133.png Graphic file (type png)
<use image133.png>
Package luatex.def Info: image133.png  used on input line 15326.
(luatex.def)             Requested size: 444.76663pt x 299.15125pt.
File: image133.png Graphic file (type png)
<use image133.png>
Package luatex.def Info: image133.png  used on input line 15326.
(luatex.def)             Requested size: 432.767pt x 291.08025pt.
 [155] [156<./image133.png>]
<image143.png, id=2932, 909.3975pt x 650.43pt>
File: image143.png Graphic file (type png)
<use image143.png>
Package luatex.def Info: image143.png  used on input line 15451.
(luatex.def)             Requested size: 444.76222pt x 318.10808pt.
File: image143.png Graphic file (type png)
<use image143.png>
Package luatex.def Info: image143.png  used on input line 15451.
(luatex.def)             Requested size: 432.75926pt x 309.5331pt.
 [157<./image143.png>]
<image152.png, id=2944, 965.6075pt x 332.24126pt>
File: image152.png Graphic file (type png)
<use image152.png>
Package luatex.def Info: image152.png  used on input line 15590.
(luatex.def)             Requested size: 444.75948pt x 153.03053pt.
File: image152.png Graphic file (type png)
<use image152.png>
Package luatex.def Info: image152.png  used on input line 15590.
(luatex.def)             Requested size: 432.75128pt x 148.90388pt.
 [158<./image152.png>]
<image162.png, id=2956, 121.95563pt x 129.48375pt>
File: image162.png Graphic file (type png)
<use image162.png>
Package luatex.def Info: image162.png  used on input line 15702.
(luatex.def)             Requested size: 135.50537pt x 143.8709pt.
File: image162.png Graphic file (type png)
<use image162.png>
Package luatex.def Info: image162.png  used on input line 15702.
(luatex.def)             Requested size: 135.50537pt x 143.8709pt.
 [159<./image162.png>]
<image172.png, id=2972, 353.06906pt x 457.71pt>
File: image172.png Graphic file (type png)
<use image172.png>
Package luatex.def Info: image172.png  used on input line 15819.
(luatex.def)             Requested size: 301.12305pt x 390.36835pt.
File: image172.png Graphic file (type png)
<use image172.png>
Package luatex.def Info: image172.png  used on input line 15819.
(luatex.def)             Requested size: 301.12305pt x 390.36835pt.
 [160<./image172.png>]
<image182.png, id=2981, 645.16031pt x 111.41624pt>
File: image182.png Graphic file (type png)
<use image182.png>
Package luatex.def Info: image182.png  used on input line 15901.
(luatex.def)             Requested size: 444.74762pt x 76.80759pt.
File: image182.png Graphic file (type png)
<use image182.png>
Package luatex.def Info: image182.png  used on input line 15901.
(luatex.def)             Requested size: 432.75722pt x 74.7352pt.
<image191.png, id=2982, 67.75313pt x 134.75343pt>
File: image191.png Graphic file (type png)
<use image191.png>
Package luatex.def Info: image191.png  used on input line 15924.
(luatex.def)             Requested size: 66.99988pt x 133.26031pt.
File: image191.png Graphic file (type png)
<use image191.png>
Package luatex.def Info: image191.png  used on input line 15924.
(luatex.def)             Requested size: 66.99988pt x 133.26031pt.
 [161<./image182.png><./image191.png>]
<image202.png, id=2995, 112.16907pt x 45.92157pt>
File: image202.png Graphic file (type png)
<use image202.png>
Package luatex.def Info: image202.png  used on input line 15947.
(luatex.def)             Requested size: 135.50537pt x 55.48117pt.
File: image202.png Graphic file (type png)
<use image202.png>
Package luatex.def Info: image202.png  used on input line 15947.
(luatex.def)             Requested size: 135.50537pt x 55.48117pt.
<image212.png, id=2996, 240.9pt x 237.13594pt>
File: image212.png Graphic file (type png)
<use image212.png>
Package luatex.def Info: image212.png  used on input line 15976.
(luatex.def)             Requested size: 225.84229pt x 222.318pt.
File: image212.png Graphic file (type png)
<use image212.png>
Package luatex.def Info: image212.png  used on input line 15976.
(luatex.def)             Requested size: 225.84229pt x 222.318pt.
 [162<./image202.png><./image212.png>]
<image22.png, id=3009, 389.95688pt x 188.20313pt>
File: image22.png Graphic file (type png)
<use image22.png>
Package luatex.def Info: image22.png  used on input line 16030.
(luatex.def)             Requested size: 188.2019pt x 90.8304pt.
File: image22.png Graphic file (type png)
<use image22.png>
Package luatex.def Info: image22.png  used on input line 16030.
(luatex.def)             Requested size: 188.2019pt x 90.8304pt.
<image23.png, id=3010, 882.29625pt x 373.395pt>
File: image23.png Graphic file (type png)
<use image23.png>
Package luatex.def Info: image23.png  used on input line 16053.
(luatex.def)             Requested size: 444.75505pt x 188.22398pt.
File: image23.png Graphic file (type png)
<use image23.png>
Package luatex.def Info: image23.png  used on input line 16053.
(luatex.def)             Requested size: 432.75975pt x 183.14177pt.
 [163<./image22.png><./image23.png>]
<image24.png, id=3020, 124.465pt x 125.46875pt>
File: image24.png Graphic file (type png)
<use image24.png>
Package luatex.def Info: image24.png  used on input line 16137.
(luatex.def)             Requested size: 135.50537pt x 136.6108pt.
<image25.png, id=3021, 496.85625pt x 582.67688pt>
File: image25.png Graphic file (type png)
<use image25.png>
Package luatex.def Info: image25.png  used on input line 16206.
(luatex.def)             Requested size: 376.40381pt x 441.42537pt.
File: image25.png Graphic file (type png)
<use image25.png>
Package luatex.def Info: image25.png  used on input line 16206.
(luatex.def)             Requested size: 376.40381pt x 441.42537pt.
 [164<./image24.png>] [165<./image25.png>]
<image26.png, id=3039, 216.81pt x 376.40625pt>
File: image26.png Graphic file (type png)
<use image26.png>
Package luatex.def Info: image26.png  used on input line 16380.
(luatex.def)             Requested size: 150.56152pt x 261.40343pt.
 [166]
<image27.png, id=3044, 207.02344pt x 38.39343pt>
File: image27.png Graphic file (type png)
<use image27.png>
Package luatex.def Info: image27.png  used on input line 16434.
(luatex.def)             Requested size: 225.84229pt x 41.8849pt.
File: image27.png Graphic file (type png)
<use image27.png>
Package luatex.def Info: image27.png  used on input line 16434.
(luatex.def)             Requested size: 225.84229pt x 41.8849pt.
 [167<./image26.png><./image27.png>] [168] [169] [170]
Capítulo 7.
File: escudo.png Graphic file (type png)
<use escudo.png>
Package luatex.def Info: escudo.png  used on input line 16796.
(luatex.def)             Requested size: 152.41496pt x 152.41496pt.
File: escudo.png Graphic file (type png)
<use escudo.png>
Package luatex.def Info: escudo.png  used on input line 16796.
(luatex.def)             Requested size: 140.42256pt x 140.42256pt.
[171

]
<image019.png, id=3076, 281.05pt x 195.73125pt>
File: image019.png Graphic file (type png)
<use image019.png>
Package luatex.def Info: image019.png  used on input line 16993.
(luatex.def)             Requested size: 271.01074pt x 188.75104pt.
File: image019.png Graphic file (type png)
<use image019.png>
Package luatex.def Info: image019.png  used on input line 16993.
(luatex.def)             Requested size: 271.01074pt x 188.75104pt.
 [172]
<image027.png, id=3083, 293.095pt x 183.68625pt>
File: image027.png Graphic file (type png)
<use image027.png>
Package luatex.def Info: image027.png  used on input line 17045.
(luatex.def)             Requested size: 271.01074pt x 169.84543pt.
File: image027.png Graphic file (type png)
<use image027.png>
Package luatex.def Info: image027.png  used on input line 17045.
(luatex.def)             Requested size: 271.01074pt x 169.84543pt.
 [173<./image019.png>] [174<./image027.png>] [175] [176] [177] [178]
<image036.png, id=3130, 707.64375pt x 710.655pt>
File: image036.png Graphic file (type png)
<use image036.png>
Package luatex.def Info: image036.png  used on input line 17506.
(luatex.def)             Requested size: 414.04419pt x 415.81282pt.
File: image036.png Graphic file (type png)
<use image036.png>
Package luatex.def Info: image036.png  used on input line 17506.
(luatex.def)             Requested size: 414.04419pt x 415.81282pt.
 [179<./image036.png>]
File: escudo.png Graphic file (type png)
<use escudo.png>
Package luatex.def Info: escudo.png  used on input line 17568.
(luatex.def)             Requested size: 152.41496pt x 152.41496pt.
File: escudo.png Graphic file (type png)
<use escudo.png>
Package luatex.def Info: escudo.png  used on input line 17568.
(luatex.def)             Requested size: 140.42256pt x 140.42256pt.
 [180] [181] [182] [183] [184]
<image0110.png, id=3187, 419.31656pt x 645.91313pt>
File: image0110.png Graphic file (type png)
<use image0110.png>
Package luatex.def Info: image0110.png  used on input line 18267.
(luatex.def)             Requested size: 301.12305pt x 463.84483pt.
File: image0110.png Graphic file (type png)
<use image0110.png>
Package luatex.def Info: image0110.png  used on input line 18267.
(luatex.def)             Requested size: 301.12305pt x 463.84483pt.
 [185<./image0110.png>]
<image028.png, id=3196, 431.36156pt x 362.85562pt>
File: image028.png Graphic file (type png)
<use image028.png>
Package luatex.def Info: image028.png  used on input line 18359.
(luatex.def)             Requested size: 301.12305pt x 253.30511pt.
File: image028.png Graphic file (type png)
<use image028.png>
Package luatex.def Info: image028.png  used on input line 18359.
(luatex.def)             Requested size: 301.12305pt x 253.30511pt.
 [186<./image028.png>]
<image037.png, id=3208, 384.6872pt x 338.76563pt>
File: image037.png Graphic file (type png)
<use image037.png>
Package luatex.def Info: image037.png  used on input line 18403.
(luatex.def)             Requested size: 271.01074pt x 238.67471pt.
File: image037.png Graphic file (type png)
<use image037.png>
Package luatex.def Info: image037.png  used on input line 18403.
(luatex.def)             Requested size: 271.01074pt x 238.67471pt.
 [187<./image037.png>] [188]
File: escudo.png Graphic file (type png)
<use escudo.png>
Package luatex.def Info: escudo.png  used on input line 18676.
(luatex.def)             Requested size: 152.41496pt x 152.41496pt.
File: escudo.png Graphic file (type png)
<use escudo.png>
Package luatex.def Info: escudo.png  used on input line 18676.
(luatex.def)             Requested size: 140.42256pt x 140.42256pt.
 [189]
<image0111.png, id=3250, 219.82124pt x 102.3825pt>
File: image0111.png Graphic file (type png)
<use image0111.png>
Package luatex.def Info: image0111.png  used on input line 18902.
(luatex.def)             Requested size: 188.2019pt x 87.65823pt.
File: image0111.png Graphic file (type png)
<use image0111.png>
Package luatex.def Info: image0111.png  used on input line 18902.
(luatex.def)             Requested size: 188.2019pt x 87.65823pt.
 [190]
<image029.png, id=3261, 201.75375pt x 100.375pt>
File: image029.png Graphic file (type png)
<use image029.png>
Package luatex.def Info: image029.png  used on input line 18970.
(luatex.def)             Requested size: 188.2019pt x 93.63417pt.
File: image029.png Graphic file (type png)
<use image029.png>
Package luatex.def Info: image029.png  used on input line 18970.
(luatex.def)             Requested size: 188.2019pt x 93.63417pt.
 [191<./image0111.png><./image029.png>]
<image038.png, id=3270, 94.3525pt x 98.3675pt>
File: image038.png Graphic file (type png)
<use image038.png>
Package luatex.def Info: image038.png  used on input line 18995.
(luatex.def)             Requested size: 112.92114pt x 117.72667pt.
File: image038.png Graphic file (type png)
<use image038.png>
Package luatex.def Info: image038.png  used on input line 18995.
(luatex.def)             Requested size: 112.92114pt x 117.72667pt.
<image046.png, id=3271, 99.37125pt x 94.3525pt>
File: image046.png Graphic file (type png)
<use image046.png>
Package luatex.def Info: image046.png  used on input line 19020.
(luatex.def)             Requested size: 112.92114pt x 107.22173pt.
File: image046.png Graphic file (type png)
<use image046.png>
Package luatex.def Info: image046.png  used on input line 19020.
(luatex.def)             Requested size: 112.92114pt x 107.22173pt.
<image056.png, id=3272, 76.285pt x 26.0975pt>
File: image056.png Graphic file (type png)
<use image056.png>
Package luatex.def Info: image056.png  used on input line 19045.
(luatex.def)             Requested size: 112.92114pt x 38.63243pt.
File: image056.png Graphic file (type png)
<use image056.png>
Package luatex.def Info: image056.png  used on input line 19045.
(luatex.def)             Requested size: 112.92114pt x 38.63243pt.
<image066.png, id=3273, 135.50626pt x 84.315pt>
File: image066.png Graphic file (type png)
<use image066.png>
Package luatex.def Info: image066.png  used on input line 19070.
(luatex.def)             Requested size: 112.92114pt x 70.26445pt.
File: image066.png Graphic file (type png)
<use image066.png>
Package luatex.def Info: image066.png  used on input line 19070.
(luatex.def)             Requested size: 112.92114pt x 70.26445pt.
 [192<./image038.png><./image046.png><./image056.png><./image066.png>]
<image076.png, id=3287, 114.4275pt x 77.28876pt>
File: image076.png Graphic file (type png)
<use image076.png>
Package luatex.def Info: image076.png  used on input line 19095.
(luatex.def)             Requested size: 112.92114pt x 76.27432pt.
File: image076.png Graphic file (type png)
<use image076.png>
Package luatex.def Info: image076.png  used on input line 19095.
(luatex.def)             Requested size: 112.92114pt x 76.27432pt.
<image086.png, id=3288, 68.255pt x 66.2475pt>
File: image086.png Graphic file (type png)
<use image086.png>
Package luatex.def Info: image086.png  used on input line 19120.
(luatex.def)             Requested size: 90.33691pt x 87.68552pt.
File: image086.png Graphic file (type png)
<use image086.png>
Package luatex.def Info: image086.png  used on input line 19120.
(luatex.def)             Requested size: 90.33691pt x 87.68552pt.
 [193<./image076.png><./image086.png>] [194] [195]
<image096.png, id=3310, 589.4522pt x 760.34062pt>
File: image096.png Graphic file (type png)
<use image096.png>
Package luatex.def Info: image096.png  used on input line 19414.
(luatex.def)             Requested size: 301.12305pt x 388.42989pt.
File: image096.png Graphic file (type png)
<use image096.png>
Package luatex.def Info: image096.png  used on input line 19414.
(luatex.def)             Requested size: 301.12305pt x 388.42989pt.
 [196<./image096.png>]
File: image0111.png Graphic file (type png)
<use image0111.png>
Package luatex.def Info: image0111.png  used on input line 19562.
(luatex.def)             Requested size: 444.76994pt x 207.16719pt.
File: image0111.png Graphic file (type png)
<use image0111.png>
Package luatex.def Info: image0111.png  used on input line 19562.
(luatex.def)             Requested size: 432.77199pt x 201.57755pt.
 [197]
File: image029.png Graphic file (type png)
<use image029.png>
Package luatex.def Info: image029.png  used on input line 19615.
(luatex.def)             Requested size: 400.76047pt x 199.41393pt.
File: image029.png Graphic file (type png)
<use image029.png>
Package luatex.def Info: image029.png  used on input line 19615.
(luatex.def)             Requested size: 388.7635pt x 193.44376pt.
 [198]
File: image038.png Graphic file (type png)
<use image038.png>
Package luatex.def Info: image038.png  used on input line 19678.
(luatex.def)             Requested size: 444.7942pt x 463.98575pt.
File: image038.png Graphic file (type png)
<use image038.png>
Package luatex.def Info: image038.png  used on input line 19678.
(luatex.def)             Requested size: 432.7943pt x 451.46771pt.
 [199] [200]
File: image0111.png Graphic file (type png)
<use image0111.png>
Package luatex.def Info: image0111.png  used on input line 19753.
(luatex.def)             Requested size: 376.40381pt x 175.31647pt.
File: image0111.png Graphic file (type png)
<use image0111.png>
Package luatex.def Info: image0111.png  used on input line 19753.
(luatex.def)             Requested size: 376.40381pt x 175.31647pt.

Underfull \hbox (badness 10000) in paragraph at lines 19922--19922
[]\TU/FreeSans(0)/m/n/10 Cla-si-fi-ca-
 []


Underfull \hbox (badness 10000) in paragraph at lines 19922--19922
[]\TU/FreeSans(0)/m/n/10 ¿Por
 []

[201] [202] [203] [204] [205] [206

]
Capítulo 8.
[207] [208

]
Capítulo 9.

Underfull \hbox (badness 10000) in paragraph at lines 20258--20259
[]\TU/FreeSerif(0)/m/n/10 An-dreu, A. (2024, Sep-tem-ber 17). Qué es Mo-zi-lla Fi-refox, di-ferencias con otros na-
 []


Underfull \hbox (badness 10000) in paragraph at lines 20258--20259
\TU/FreeSerif(0)/m/n/10 vegadores y ex-ten-siones im-pres-cin-di-bles. Com-pu-ter Hoy. https://com-pu-terhoy.20mi-nu-tos.es/tec-
 []


Underfull \hbox (badness 10000) in paragraph at lines 20274--20275
[]\TU/FreeSerif(0)/m/n/10 Co-rra-les, R. (2024, Au-gust 19). Mi-cro-soft, el gi-gan-te de la in-for-má-ti-ca: his-to-ria, Win-dows, to-
 []


Underfull \hbox (badness 10000) in paragraph at lines 20274--20275
\TU/FreeSerif(0)/m/n/10 dos sus ser-vi-cios y la IA de Co-pilot. Com-pu-ter Hoy. https://com-pu-terhoy.20mi-nu-tos.es/in-dus-
 []


Underfull \hbox (badness 10000) in paragraph at lines 20278--20279
[]\TU/FreeSerif(0)/m/n/10 Del-gado, J. M. (2024, Sep-tem-ber 15). Ra-zo-nes por las que GIMP es la me-jor al-ter-
 []


Underfull \hbox (badness 10000) in paragraph at lines 20278--20279
\TU/FreeSerif(0)/m/n/10 na-ti-va a Pho-toshop para edi-tar tus fo-tos. Com-pu-ter Hoy. https://com-pu-terhoy.20mi-nu-
 []


Underfull \hbox (badness 10000) in paragraph at lines 20282--20283
[]\TU/FreeSerif(0)/m/n/10 Del-gado, J. M. (2024, De-cem-ber 15). Fun-ciones ocul-tas de Mi-cro-soft Of-fice que de-be-rías
 []


Underfull \hbox (badness 10000) in paragraph at lines 20282--20283
\TU/FreeSerif(0)/m/n/10 usar aho-ra mis-mo para me-jorar tu pro-duc-ti-vi-dad. Com-pu-ter Hoy. https://com-pu-terhoy.20mi-nu-
 []


Underfull \hbox (badness 10000) in paragraph at lines 20286--20287
[]\TU/FreeSerif(0)/m/n/10 Del-gado, J. M. (2025, June 14). VLC si-gue muy vivo: co-sas sor-pren-dentes que pue-des ha-cer
 []


Underfull \hbox (badness 10000) in paragraph at lines 20286--20287
\TU/FreeSerif(0)/m/n/10 con el me-jor re-pro-duc-tor de ví-deo para PC. Com-pu-ter Hoy. https://com-pu-terhoy.20mi-nu-tos.es/tec-
 []


Underfull \hbox (badness 10000) in paragraph at lines 20294--20295
\TU/FreeSerif(0)/m/n/10 li-con Va-lley fi-nal-men-te lo ad-mi-te. CNN en Es-pa-ñol. https://cn-nes-pa-nol.cnn.com/2025/05/11/cien-
 []

[209]
Underfull \hbox (badness 10000) in paragraph at lines 20310--20311
[]\TU/FreeSerif(0)/m/n/10 Inks-ca-pe, tu ilus-tra-dor de ca-be-ce-ra. (2021, July 19). IN-TEF. https://in-tef.es/ob-ser-va-to-
 []


Underfull \hbox (badness 6001) in paragraph at lines 20350--20351
[]\TU/FreeSerif(0)/m/n/10 Tex-tos: Jor-ge Elié-cer Lo-zano / Ilus-tra-ciones: Gis-sell An-dreí-na Gar-cía Ro-drí-guez. (n.d.). El soft-wa-
 []


Underfull \hbox (badness 6526) in paragraph at lines 20350--20351
\TU/FreeSerif(0)/m/n/10 re pi-ra-ta re-presen-ta un ries-go in-mi-nente. Edu.co. Re-trie-ved May 7, 2026, from https://no-ti-red.uni-
 []


Underfull \hbox (badness 10000) in paragraph at lines 20354--20355
[]\TU/FreeSerif(0)/m/n/10 The Con-ver-sa-tion. (2024, Ja-nuary 22). La Mac cum-ple 40 años: de-bu-tó con este
 []


Underfull \hbox (badness 10000) in paragraph at lines 20354--20355
\TU/FreeSerif(0)/m/n/10 an-to-lógi-co avi-so di-ri-gi-do por Rid-ley Scott para mos-trar cómo ha-bía otra for-
 []


Underfull \hbox (badness 10000) in paragraph at lines 20354--20355
\TU/FreeSerif(0)/m/n/10 ma de usar una compu-tado-ra. LA NA-CION. https://www.la-na-cion.com.ar/tec-
 []


Overfull \hbox (49.11496pt too wide) in paragraph at lines 20354--20355
\TU/FreeSerif(0)/m/n/10 nologia/la-mac-cumple-40-anos-debuto-con-este-antologico-aviso-dirigido-por-ridley-scott-para-mostrar-como-nid22012024/ 
 []


Overfull \hbox (7.62494pt too wide) in paragraph at lines 20370--20371
\TU/FreeSerif(0)/m/n/10 cion/microsoft-office-365-dominaras-productividad-precio-esta-licencia-oferta-no-tendras-que-empenarte-para-ello 
 []

[210] (./aula115.ind) [211] (./aula115.aux)
 ***********
LaTeX2e <2025-11-01>
L3 programming layer <2026-01-19>
 ***********
Package rerunfilecheck Info: File `aula115.out' has not changed.
(rerunfilecheck)             Checksum: 9731A1A7660220EDB01BCB95428D9691;68227.
)

Here is how much of LuaTeX's memory you used:
 26433 strings out of 476076
 195470,1144653 words of node,token memory allocated
 1052 words of node memory still in use:
   6 hlist, 2 vlist, 2 rule, 43 glue, 4 kern, 1 glyph, 50 attribute, 73 glue_spec, 50 attribute_list, 1 write nodes
   avail lists: 1:4,2:1922,3:716,4:2161,5:4965,6:206,7:12387,8:71,9:1575,10:31,11:1059
 45894 multiletter control sequences out of 65536+600000
 104 fonts using 73645511 bytes
 75i,24n,93p,1245b,1088s stack positions out of 10000i,1000n,20000p,200000b,200000s
</usr/local/texlive/2026/texmf-dist/fonts/opentype/public/gnu-freefont/FreeMonoBold.otf></usr/local/texlive/2026/texmf-dist/fonts/opentype/public/gnu-freefont/FreeMono.otf></usr/local/texlive/2026/texmf-dist/fonts/opentype/public/gnu-freefont/FreeSerifBoldItalic.otf></usr/local/texlive/2026/texmf-dist/fonts/opentype/public/fontawesome5/FontAwesome5Free-Solid-900.otf></usr/local/texlive/2026/texmf-dist/fonts/opentype/public/gnu-freefont/FreeSerifItalic.otf></usr/local/texlive/2026/texmf-dist/fonts/opentype/public/gnu-freefont/FreeSerif.otf></usr/local/texlive/2026/texmf-dist/fonts/opentype/public/gnu-freefont/FreeSerifBold.otf></usr/local/texlive/2026/texmf-dist/fonts/opentype/public/gnu-freefont/FreeSans.otf></usr/local/texlive/2026/texmf-dist/fonts/opentype/public/gnu-freefont/FreeSansBold.otf></usr/local/texlive/2026/texmf-dist/fonts/type1/public/amsfonts/cm/cmmi10.pfb></usr/local/texlive/2026/texmf-dist/fonts/type1/public/amsfonts/cm/cmr10.pfb>
Output written on aula115.pdf (215 pages, 50651310 bytes).

PDF statistics: 3517 PDF objects out of 3580 (max. 8388607)
 2967 compressed objects within 30 object streams
 1260 named destinations out of 1440 (max. 1048576)
 2645 words of extra memory for PDF output out of 10000 (max. 100000000)

